shopify_product_id,handle,status,sku,title
"gid://shopify/Product/15427289121100","smartphone-motorola-edge-50-peach-fuzz-ram-12-gb-almacenamiento-512-gb","ACTIVE","PB2U0002SE","Smartphone - MOTOROLA EDGE 50, Peach Fuzz, RAM 12 GB, Almacenamiento 512 GB"
"gid://shopify/Product/15427289416012","smartphone-xiaomi-poco-x7-pro-negro-5g-ram-12-gb-almacenamiento-256-gb","ACTIVE","6932554409302","Smartphone - XIAOMI Poco X7 Pro Negro, 5G, RAM 12 GB, Almacenamiento 256 GB"
"gid://shopify/Product/15427289579852","smartphone-xiaomi-poco-f7-ultra-5g-negro-ram-16-gb-almacenamiento-512-gb","ACTIVE","6932554411299","Smartphone - XIAOMI Poco F7 Ultra, 5G, Negro, RAM 16 GB, Almacenamiento 512 GB"
"gid://shopify/Product/15427289645388","smartphone-xiaomi-redmi-note14-pro-5g-negro-medianoche-ram-8-gb-256-gb","ACTIVE","MZB0I8BEU","Smartphone - XIAOMI REDMI Note14 Pro, 5G, Negro Medianoche, RAM 8 GB, 256 GB"
"gid://shopify/Product/15427289874764","smartphone-xiaomi-redmi-note14-pro-4g-negro-medianoche-ram-8-gb-almacenamiento-256-gb","ACTIVE","MZB0IDSEU","Smartphone - XIAOMI REDMI Note14 Pro, 4G, Negro Medianoche, RAM 8 GB, Almacenamiento 256 GB"
"gid://shopify/Product/15427290169676","smartphone-xiaomi-redmi-note14-5g-ram-8-gb-almacenamiento-256-gb","ACTIVE","MZB0IOEEU","Smartphone - XIAOMI REDMI Note14, 5G, RAM 8 GB, Almacenamiento 256 GB"
"gid://shopify/Product/15427290267980","smartphone-xiaomi-redmi-note14-pro-4g-purple-ram-8-gb-256-gb","ACTIVE","MZB0IVXEU","Smartphone - XIAOMI REDMI Note14 Pro, 4G, Purple, RAM 8 GB, 256 GB"
"gid://shopify/Product/15427290399052","smartphone-xiaomi-redmi-note14-pro-4g-ram-8-gb-almacenamiento-256-gb-negro","ACTIVE","MZB0IWDEU","Smartphone - XIAOMI REDMI Note14 Pro, 4G, RAM 8 GB, Almacenamiento 256 GB, Negro"
"gid://shopify/Product/15427291709772","smartphone-samsung-galaxy-a05s-67-4128gb-negro","ACTIVE","SM-A057GZKVEUB","Smartphone - Samsung Galaxy A05S, 6.7"", 4+128GB, Negro"
"gid://shopify/Product/15427294036300","smartphone-samsung-galaxy-s24-62-8256gb-onyx-black","ACTIVE","SM-S921BZKGEUB","Smartphone - Samsung Galaxy S24, 6.2"", 8+256GB, Onyx Black"
"gid://shopify/Product/15427294331212","tablet-samsung-galaxy-tab-a9-5g-grafito-ram-6-gb-almacenamiento-128-gb","ACTIVE","SM-X216RZAREUB","Tablet - SAMSUNG Galaxy Tab A9+, 5G, Grafito, RAM 6 GB, Almacenamiento 128 GB"
"gid://shopify/Product/15427294691660","smartphone-xiaomi-redmi-note14-pro-lavanda-5g-ram-8-gb-256-gb","ACTIVE","6932554402662","Smartphone XIAOMI REDMI Note14 Pro, Lavanda, 5G, RAM 8 GB, 256 GB"
"gid://shopify/Product/15427296362828","telefono-movil-aiwa-fp-24-negro","ACTIVE","FP24BK","Teléfono Móvil - Aiwa FP-24, Negro"
"gid://shopify/Product/15427296493900","telefono-movil-aiwa-fp-24-azul","ACTIVE","FP24BL","Teléfono Móvil - Aiwa FP-24, Azul"
"gid://shopify/Product/15427296723276","telefono-movil-aiwa-fp-24-rojo","ACTIVE","FP24RD","Teléfono Móvil - Aiwa FP-24, Rojo"
"gid://shopify/Product/15427296985420","telefono-movil-sunstech-celt18bl-azul-personas-mayores","ACTIVE","CELT18BL","Telefono Móvil - SUNSTECH CELT18BL, Azul, Personas Mayores"
"gid://shopify/Product/15427297149260","telefono-movil-sunstech-celt23-negro","ACTIVE","CELT23BK","Teléfono Móvil - Sunstech CELT23, Negro"
"gid://shopify/Product/15427297247564","telefono-movil-sunstech-celt23bl-personas-mayores-azul","ACTIVE","CELT23BL","Teléfono Móvil - SUNSTECH CELT23BL, Personas Mayores, Azul"
"gid://shopify/Product/15427297345868","smartphone-xiaomi-redmi-note14-4g-ram-6-gb-almacenamiento-128-gb-negro-medianoche","ACTIVE","MZB0J01EU","Smartphone - XIAOMI REDMI Note14, 4G, RAM 6 GB, Almacenamiento 128 GB, Negro Medianoche"
"gid://shopify/Product/15427297608012","smartphone-xiaomi-redmi-note14-4g-ram-6-gb-almacenamiento-128-gb-verde-lima","ACTIVE","MZB0J0IEU","Smartphone - XIAOMI REDMI Note14, 4G, RAM 6 GB, Almacenamiento 128 GB, Verde Lima"
"gid://shopify/Product/15427297804620","smartphone-xiaomi-poco-f7-pro-plata-5g-ram-12-gb-almacenamiento-256-gb","ACTIVE","6932554411619","Smartphone - XIAOMI POCO F7 Pro, Plata, 5G, RAM 12 GB, Almacenamiento 256 GB"
"gid://shopify/Product/15427299082572","smartphone-xiaomi-redmi-note-14-4g-azul-oceano-ram-8-gb-256-gb","ACTIVE","MZB0IYWEU","Smartphone - XIAOMI REDMI Note 14, 4G, Azul Océano, RAM 8 GB, 256 GB"
"gid://shopify/Product/15427299213644","smartphone-xiaomi-redmi-note-14-pro-plus-5g-azul-12-gb-ram-almacenamiento-512-gb","ACTIVE","MZB0IIWEU","Smartphone - XIAOMI REDMI Note 14 Pro Plus, 5G, Azul, 12 GB RAM, Almacenamiento 512 GB"
"gid://shopify/Product/15427299443020","smartphone-xiaomi-redmi-note-14-pro-5g-verde-ram-8-gb-almacenamiento-256-g","ACTIVE","MZB0IMOEU","Smartphone - XIAOMI Redmi Note 14 Pro, 5G, Verde, RAM 8 GB, Almacenamiento 256 G"
"gid://shopify/Product/15427300229452","smartwatch-samsung-galaxy-watch7-beige-40-mm","ACTIVE","SML300NZEAPHE","Smartwatch - SAMSUNG Galaxy Watch7, Beige, 40 mm"
"gid://shopify/Product/15427300950348","smartwatch-samsung-galaxy-watch-7-lte-plata-44-mm","ACTIVE","SML315FZSAPHE","Smartwatch - SAMSUNG Galaxy Watch 7 LTE, Plata, 44 mm"
"gid://shopify/Product/15427301867852","smartwatch-samsung-galaxy-watch-8-classic-negro-gps","ACTIVE","SM-L505FZKAEUB","Smartwatch - SAMSUNG Galaxy Watch 8 Classic, Negro, GPS"
"gid://shopify/Product/15427302261068","smartwatch-samsung-galaxy-watch-ultra-2025-azul-ip68-100h-autonomia","ACTIVE","SM-L705FZB2PHE","Smartwatch - SAMSUNG Galaxy Watch Ultra 2025, Azul, IP68, 100h autonomía"
"gid://shopify/Product/15427302555980","pulsera-de-actividad-samsung-galaxy-fit3-gris-ip68","ACTIVE","SM-R390NZAAEUB","Pulsera de Actividad - SAMSUNG Galaxy FIT3, Gris, IP68"
"gid://shopify/Product/15427302687052","auricular-interno-samsung-galaxy-buds-fe-grafito","ACTIVE","SMR400NZAAPHE","Auricular Interno - Samsung Galaxy Buds FE, Grafito"
"gid://shopify/Product/15427303145804","auriculares-inalambricos-samsung-galaxy-buds3-gris-cancelacion-ruido","ACTIVE","SMR530NZAAPHE","Auriculares Inalámbricos - SAMSUNG Galaxy Buds3, Gris, Cancelación Ruido"
"gid://shopify/Product/15427303407948","auriculares-inalambricos-samsung-galaxy-buds3-blanco-cancelacion-ruido","ACTIVE","SMR530NZWAPHE","Auriculares Inalámbricos - SAMSUNG Galaxy Buds3, Blanco, Cancelación Ruido"
"gid://shopify/Product/15427304456524","tablet-samsung-galaxy-tab-s10-fe-plata-ram-12-gb-almacenamiento-256-gb","ACTIVE","SM-X520NZSPEUB","Tablet - SAMSUNG Galaxy Tab S10 FE, Plata, RAM 12 GB, Almacenamiento 256 GB"
"gid://shopify/Product/15427304751436","tablet-samsung-galaxy-tab-a9-5g-grafito-ram-8-gb-almacenamiento-256-gb","ACTIVE","SM-X216RZAPEUB","Tablet - SAMSUNG GALAXY Tab A9+, 5G, Grafito, RAM 8 GB, Almacenamiento 256 GB"
"gid://shopify/Product/15427310518604","lavavajillas-libre-instalacion-bosch-sps2hkw58e-10-servicios-46-db-45-cm-blanco","ACTIVE","SPS2HKW58E","Lavavajillas Libre Instalación - Bosch SPS2HKW58E, 10 servicios, 46 dB, 45 cm, Blanco"
"gid://shopify/Product/15427311829324","radio-portatil-sangean-sr-35-pilas-negro-sintonizador-amfm","ACTIVE","SR-35","Radio Portátil - SANGEAN SR-35, Pilas, Negro, Sintonizador AM/FM"
"gid://shopify/Product/15427312714060","altavoz-portatil-sangean-ra-101-negro-bluetooth-2600-mah","ACTIVE","SRA101BG","Altavoz Portátil - SANGEAN RA-101, Negro, Bluetooth, 2600 mAh"
"gid://shopify/Product/15427313762636","altavoz-portatil-sony-srs-ls1-bluetooth-ipx4-25-h-bateria","ACTIVE","SRSLS1H.CE7","Altavoz Portátil - SONY SRS-LS1, Bluetooth, IPX4, 25 h Batería"
"gid://shopify/Product/15427314221388","movil-qubo-st-001-negro-y-rojo-24-rugerizado-proteccion-ip67","ACTIVE","ST-001","Móvil - QUBO ST-001, Negro y Rojo, 2.4"", Rugerizado, Protección IP67"
"gid://shopify/Product/15427315335500","soporte-tv-fonestar-stv-7244n-pared-de-32-a-55-400x400","ACTIVE","STV7244N","Soporte TV - FONESTAR STV-7244N, Pared, de 32"" a 55"", 400x400"
"gid://shopify/Product/15427315958092","estufa-exterior-svan-svca2sp-electrico-2w-inox","ACTIVE","SVCA200SP","Estufa Exterior  - Svan SVCA200SP Eléctrico, 20000W, Inox"
"gid://shopify/Product/15427316121932","calefactor-pared-svan-svca450spl-split-2000w","ACTIVE","SVCA450SPL","Calefactor Pared - Svan   SVCA450SPL, Split, 2000W"
"gid://shopify/Product/15427317727564","estimulador-satisfyer-pro-2","ACTIVE","SW10001","Estimulador - Satisfyer Pro 2"
"gid://shopify/Product/15427319398732","radio-portatil-sangean-wr-45-negro-bluetooth-2600-mah","ACTIVE","SWR45B","Radio Portátil - SANGEAN WR-45, Negro, Bluetooth, 2600 mAh"
"gid://shopify/Product/15427319890252","auricular-interno-jbl-tune-290-black","ACTIVE","T290-B","Auricular Interno - JBL Tune 290, Black"
"gid://shopify/Product/15427320021324","telefono-movil-para-personas-mayores-tcl-one-touch-4022s-dark-night-ram-4-mb","ACTIVE","T302D-3ALCA112","Teléfono Móvil para Personas Mayores - TCL One Touch 4022S Dark Night, RAM 4 MB"
"gid://shopify/Product/15427322184012","tv-led-samsung-tq50ls03fauxxc-4k-uhd-tizen-hdr10","ACTIVE","TQ50LS03FAUXXC","TV LED - SAMSUNG TQ50LS03FAUXXC, 4K UHD, Tizen, HDR10+"
"gid://shopify/Product/15427323101516","tv-qled-samsung-tq65q8faauxxc-65-4k-uhd-quantum-dot","ACTIVE","TQ65Q8FAAUXXC","TV QLED - SAMSUNG TQ65Q8FAAUXXC, 65"", 4K UHD, Quantum Dot"
"gid://shopify/Product/15427323461964","secadora-bomba-calor-aeg-tr939v4pb-blanco-9-kg-eficiencia-a","ACTIVE","TR939V4PB","Secadora Bomba Calor - Aeg TR939V4PB, Blanco, 9 kg, Eficiencia  A"
"gid://shopify/Product/15427324117324","torre-sonido-aiwa-tsbt-270bk-negro-50w","ACTIVE","TSBT270BK","Torre Sonido - AIWA TSBT-270BK, Negro, 50W"
"gid://shopify/Product/15427327525196","tetera-hierro-fundido-orbegozo-tth8-8-ml","ACTIVE","TTH800","Tetera Hierro Fundido - Orbegozo  TTH800, 800 ml"
"gid://shopify/Product/15427327787340","tv-led-samsung-tu24f6005fkxxc-24-hdr10","ACTIVE","TU24F6005FKXXC","TV LED - SAMSUNG TU24F6005FKXXC, 24"", HDR10+"
"gid://shopify/Product/15427328213324","tv-led-samsung-tu43u8005fuxxc-43-4k-uhd","ACTIVE","TU43U8005FUXXC","TV LED - SAMSUNG TU43U8005FUXXC 43"", 4K UHD"
"gid://shopify/Product/15427328999756","tv-led-samsung-tu55du7105-55-4k-uhd","ACTIVE","TU55DU7105KXXC","TV LED - Samsung TU55DU7105, 55"", 4K UHD"
"gid://shopify/Product/15427329261900","tv-led-samsung-tu55u8005fuxxc-55-crystal-processor-4k-hdr10","ACTIVE","TU55U8005FUXXC","TV LED - SAMSUNG TU55U8005FUXXC, 55"", Crystal Processor 4K, HDR10+"
"gid://shopify/Product/15427329491276","tv-led-samsung-tu65u7025fkxxc-65-4k-hdr10","ACTIVE","TU65U7025FKXXC","TV LED - SAMSUNG TU65U7025FKXXC, 65"", 4K, HDR10+"
"gid://shopify/Product/15427329851724","tv-led-samsung-tu75u8075fuxxc-75-4k-uhd-crystal-processor-4k-tizen","ACTIVE","TU75U8075FUXXC","TV LED - SAMSUNG TU75U8075FUXXC, 75"", 4K UHD, Crystal Processor 4K, Tizen"
"gid://shopify/Product/15427330146636","tv-led-samsung-tu85u7025fkxxc-85-crystal-uhd-4k","ACTIVE","TU85U7025FKXXC","TV LED - SAMSUNG TU85U7025FKXXC, 85"", Crystal UHD, 4K"
"gid://shopify/Product/15427330277708","auricular-diadema-jbl-tune-770nc-blue","ACTIVE","TUNE 770 BLUE","Auricular Diadema - JBL Tune 770NC, Blue"
"gid://shopify/Product/15427332768076","tv-led-samsung-ue32f6002fk-32-full-hd-hdr10","ACTIVE","UE32F6002FK","TV LED - SAMSUNG UE32F6002FK, 32"", Full HD, HDR10+"
"gid://shopify/Product/15427335815500","caldera-de-gas-cointra-v16971-superlativa-supra-24-kit-salida-incluido","ACTIVE","V16971","Caldera de Gas - COINTRA V16971 Superlativa Supra 24 , Kit salida Incluido"
"gid://shopify/Product/15427336798540","calentador-de-gas-cointra-cami-11l-gas-natural","ACTIVE","VGCC1MFKF","Calentador de Gas - COINTRA CAMI, 11L, Gas Natural"
"gid://shopify/Product/15427344433484","lavadora-secadora-samsung-wd90dg6b85bbu3-lavado-9-kg-secado-6-kg-negro","ACTIVE","WD90DG6B85BBU3","Lavadora Secadora - SAMSUNG WD90DG6B85BBU3, Lavado 9 Kg, Secado 6 Kg, Negro"
"gid://shopify/Product/15427345842508","lavadora-libre-instalacion-hisense-wf1q9041bw-blanco-9-kg-eficiencia-a-1400-rpm","ACTIVE","WF1Q9041BW","Lavadora Libre Instalación - HISENSE WF1Q9041BW, Blanco, 9 kg, Eficiencia A, 1400 rpm"
"gid://shopify/Product/15427353477452","auriculares-inalambricos-aiwa-whf-880-negro-base","ACTIVE","WHF-880","Auriculares Inalámbricos - AIWA WHF-880, Negro, Base"
"gid://shopify/Product/15427353772364","auriculares-inalambricos-sony-wi-c100-azul","ACTIVE","WIC100L.CE7","Auriculares Inalámbricos - SONY WI-C100, Azul"
"gid://shopify/Product/15427356131660","soporte-tv-one-for-all-inclinado-32-90-600x400","ACTIVE","WM6621","Soporte TV - One For All, Inclinado, 32""-90"", 600x400"
"gid://shopify/Product/15427357147468","radio-sangean-wr-7-negro-mate-bateria-bluetooth","ACTIVE","WR-7-BM","Radio - SANGEAN WR-7, Negro Mate, Batería, Bluetooth"
"gid://shopify/Product/15427357180236","radio-estanteria-sangean-wr-7-cerezo-2600-mah","ACTIVE","WR-7-CH","Radio Estantería - SANGEAN WR-7, Cerezo, 2600 mAh"
"gid://shopify/Product/15427357245772","radio-portatil-sangean-wr-7-rosa-2600-mah-bluetooth","ACTIVE","WR-7-P","Radio Portátil - SANGEAN WR-7, Rosa, 2600 mAh, Bluetooth"
"gid://shopify/Product/15427357278540","radio-sangean-wr-7nuez-bateria-36-horas","ACTIVE","WR-7-W","Radio- SANGEAN WR-7,Nuez, Batería 36 horas,"
"gid://shopify/Product/15427357835596","lavadora-libre-instalacion-samsung-ww11db7b94gbu3-11kg-negro-eficiencia-a-20","ACTIVE","WW11DB7B94GBU3","Lavadora Libre Instalación - SAMSUNG WW11DB7B94GBU3, 11kg, Negro, Eficiencia A-20%"
"gid://shopify/Product/15427357966668","lavadora-libre-instalacion-samsung-ww11db8b95ghu3-11kg-blanco-eficiencia-a-40","ACTIVE","WW11DB8B95GHU3","Lavadora Libre Instalación - Samsung WW11DB8B95GH/U3, 11Kg, Blanco, Eficiencia A-40%"
"gid://shopify/Product/15427358064972","lavadora-libre-instalacion-samsung-ww11dg5b25abec-negro-11-kg-a-10","ACTIVE","WW11DG5B25ABEC","Lavadora Libre Instalación - SAMSUNG WW11DG5B25ABEC, Negro, 11 Kg, A -10%"
"gid://shopify/Product/15427358097740","lavadora-de-11-kilos-carga-frontal-samsung-ww11dg5b25thec-blanco-1400-rpm-eficiencia-a","ACTIVE","WW11DG5B25THEC","Lavadora de 11 kilos, carga frontal - Samsung WW11DG5B25THEC, Blanco, 1400 rpm., Eficiencia A"
"gid://shopify/Product/15427358130508","lavadora-libre-instalacion-samsung-ww12t504dtws3-12-kg-blanco-eficiencia-a","ACTIVE","WW12T504DTWS3","Lavadora Libre Instalación - SAMSUNG WW12T504DTW/S3, 12 Kg, Blanco, Eficiencia A"
"gid://shopify/Product/15427358163276","lavadora-libre-instalacion-samsung-ww80cgc04dabec-8-kg-blanco-eficiencia-a","ACTIVE","WW80CGC04DABEC","Lavadora Libre Instalación - SAMSUNG WW80CGC04DABEC, 8 kg, Blanco, Eficiencia A"
"gid://shopify/Product/15427358556492","lavadora-libre-instalacion-samsung-ww90dg6u85lbu3-9-kg-negro-eficiencia-a-10","ACTIVE","WW90DG6U85LBU3","Lavadora Libre Instalación - SAMSUNG WW90DG6U85LBU3, 9 Kg, Negro, Eficiencia A -10%"
"gid://shopify/Product/15427359080780","movil-qubo-senior-x-209-negro-24-2g-camara-trasera-de-03mp","ACTIVE","X209-BKMKII","Móvil - QUBO SENIOR X-209, Negro, 2.4"", 2G, Cámara trasera de 0.3MP"
"gid://shopify/Product/15427359146316","movil-qubo-senior-x-240bk-negro-24-2g-dual-sim","ACTIVE","X-240BK","Móvil - QUBO SENIOR X-240BK, Negro, 2.4"", 2G, Dual Sim"
"gid://shopify/Product/15427359211852","movil-qubo-x-240bl-azul-24-doble-sim","ACTIVE","X-240BL","Móvil - QUBO X-240BL, Azul, 2.4"", Doble Sim"
"gid://shopify/Product/15427359277388","movil-qubo-senior-x-247-2g-negro-24-boton-sos","ACTIVE","X-247BL","Móvil - QUBO SENIOR X-247, 2G, Negro, 2.4"", Botón SOS"
"gid://shopify/Product/15427359310156","movil-qubo-x-28b-negro-24-4g-boton-sos","ACTIVE","X-28 4G","Móvil - QUBO X-28B, Negro, 2.4"", 4G, Botón SOS"
"gid://shopify/Product/15427359408460","telefono-movil-qubo-x-28brd-rojo-mayores-28-doble-sim","ACTIVE","X-28BRD","Teléfono Móvil - QUBO X-28BRD, Rojo, Mayores, 2,8"", Doble SIM"
"gid://shopify/Product/15427359899980","lector-de-libros-electronicos-pocketbook-basic-lux-4-6-8gb","ACTIVE","PB618-P","Lector de Libros Electrónicos - PocketBook Basic Lux 4, 6"", 8GB"
"gid://shopify/Product/15427360489804","discman-aiwa-walk-cd-mp3-negro","ACTIVE","PCD-810BK","Discman - Aiwa WALK CD MP3, Negro"
"gid://shopify/Product/15427362193740","radio-despertador-sangean-prd18-b-a-azul-blanco","ACTIVE","PRD18","Radio Despertador - SANGEAN PRD18 B-A Azul Blanco"
"gid://shopify/Product/15427362324812","radio-despertador-portatil-sangean-pr-d7-negro","ACTIVE","PR-D7 BK","Radio Despertador Portátil - SANGEAN PR-D7, Negro"
"gid://shopify/Product/15427362390348","radio-despertador-portatil-sangean-pr-d7-blanco-lcd","ACTIVE","PR-D7-W","Radio Despertador Portátil - SANGEAN PR-D7, Blanco, LCD"
"gid://shopify/Product/15427368452428","regalo-de-juego-de-toallas-con-la-compra-del-calentador-cointra-ceti","ACTIVE","PROMO875","Regalo de Juego de toallas con la compra del Calentador COINTRA CETI"
"gid://shopify/Product/15427368485196","peliculas-y-samsung-tv-plus-gratis-comprando-tu-tv-samsung","ACTIVE","PROMO888","Películas y Samsung TV Plus Gratis comprando tu TV Samsung"
"gid://shopify/Product/15427368550732","oral-b-recambios-gratis-para-cuidar-tu-sonrisa","ACTIVE","PROMO891","Oral-B Recambios Gratis para cuidar tu sonrisa"
"gid://shopify/Product/15427368616268","panasonic-tv-tivo-3-meses-gratis-de-movistar","ACTIVE","PROMO906","Panasonic TV TiVo – 3 meses gratis de Movistar+"
"gid://shopify/Product/15427368649036","reembolso-lg-navidad-tv-150","ACTIVE","PROMO915","Reembolso LG Navidad TV 150€"
"gid://shopify/Product/15427368681804","reembolso-lg-navidad-tv-800-x2","ACTIVE","PROMO916","Reembolso LG Navidad TV 800 € x2"
"gid://shopify/Product/15427368714572","reembolso-lg-navidad-tv-400-x2-hasta-el-30-11","ACTIVE","PROMO917","Reembolso LG Navidad TV 400€ (X2 hasta el 30-11)"
"gid://shopify/Product/15427370352972","combi-libre-instalacion-samsung-rb34c600csaef-acero-inoxidable-185-metros-no-frost-wi-fi","ACTIVE","RB34C600CSAEF","Combi Libre Instalación - Samsung RB34C600CSA/EF, Acero Inoxidable, 1,85 metros,  No-Frost, Wi-Fi"
"gid://shopify/Product/15427370385740","combi-blanco-samsung-rb34c600dwwef-185-metros-eficiencia-e-wifi","ACTIVE","RB34C600DWWEF","Combi Blanco - Samsung RB34C600DWW/EF, 1,85 metros, Eficiencia E, Wifi"
"gid://shopify/Product/15427370484044","combi-libre-instalacion-samsung-rb34c632dsaef-inox-altura-185-m-smart-eficiencia-d","ACTIVE","RB34C632DSAEF","Combi Libre Instalación - SAMSUNG RB34C632DSA/EF, Inox, Altura 1.85 m, Smart, Eficiencia D"
"gid://shopify/Product/15427370778956","combi-libre-instalacion-samsung-rb38c600cs9ef-acero-inoxidable-203-metros-wifi-no-frost","ACTIVE","RB38C600CS9EF","Combi Libre Instalación -  Samsung RB38C600CS9/EF, Acero Inoxidable, 2,03 metros, Wifi,  No-Frost"
"gid://shopify/Product/15427371008332","combi-libre-instalacion-samsung-rb38c605cwwef-blanco-203-metros-no-frostwi-fi","ACTIVE","RB38C605CWWEF","Combi Libre Instalación - Samsung RB38C605CWW/EF, Blanco, 2,03 metros,  No-Frost,Wi-Fi"
"gid://shopify/Product/15427371041100","combi-libre-instalacion-samsung-rb38c605dwwef-blanco-203-metros-no-frost-wi-fi","ACTIVE","RB38C605DWWEF","Combi Libre Instalación - Samsung RB38C605DWW/EF, Blanco, 2,03 metros,  No-Frost, Wi-Fi"
"gid://shopify/Product/15427371106636","combi-libre-instalacion-samsung-rb38c607ab1ef-grafito-smart-altura-203-m","ACTIVE","RB38C607AB1EF","Combi Libre Instalación - SAMSUNG RB38C607AB1/EF, Grafito, Smart, Altura 2.03 m"
"gid://shopify/Product/15427371204940","combi-con-dispensador-samsung-rb38c655ds9ef-inox-no-frost-altura-203-m-smart-ai-eficiencia-d","ACTIVE","RB38C655DS9EF","Combi con Dispensador - SAMSUNG RB38C655DS9/EF, Inox, No Frost, Altura 2.03 m, Smart AI, Eficiencia D"
"gid://shopify/Product/15427371237708","combi-libre-instalacion-samsung-rb38c672cwwef-blanco-203-metros-no-frost-wi-fi","ACTIVE","RB38C672CWWEF","Combi Libre Instalación - Samsung RB38C672CWW/EF, Blanco, 2,03 metros,  No-Frost, Wi-Fi"
"gid://shopify/Product/15427371270476","combi-libre-instalacion-samsung-rb38c675cs9ef-acero-inoxidable-203-metros-no-frost-wi-fi","ACTIVE","RB38C675CS9EF","Combi Libre Instalación -  Samsung RB38C675CS9/EF, Acero Inoxidable, 2,03 metros,  No-Frost, Wi-Fi"
"gid://shopify/Product/15427371336012","combi-libre-instalacion-samsung-rb38c675dsaef-inox-smartthings-altura-203-m","ACTIVE","RB38C675DSAEF","Combi Libre Instalación - SAMSUNG RB38C675DSA/EF, Inox, SmartThings, Altura 2.03 m"
"gid://shopify/Product/15427371467084","combi-libre-instalacion-samsung-rb38c705cwwef-blanco-203-metros-no-frost-wifi","ACTIVE","RB38C705CWWEF","Combi Libre Instalación - Samsung RB38C705CWW/EF, Blanco, 2,03 metros,  No-Frost, Wifi"
"gid://shopify/Product/15427371499852","combi-libre-instalacion-samsung-rb38c776cb1ef-grafito-smart-altura-203-m-eficiencia-c","ACTIVE","RB38C776CB1EF","Combi Libre Instalación - SAMSUNG RB38C776CB1/EF, Grafito, Smart, Altura 2.03 m, Eficiencia C"
"gid://shopify/Product/15427371565388","combi-libre-instalacion-samsung-rb38c7b6a22ef-negro-smart-altura-203-m-eficiencia-a","ACTIVE","RB38C7B6A22EF","Combi Libre Instalación - SAMSUNG RB38C7B6A22/EF, Negro, Smart, Altura 2.03 m, Eficiencia A"
"gid://shopify/Product/15427371598156","combi-libre-instalacion-samsung-rb38c7b6ab1ef-grafito-203-metros-no-frost-wi-fi","ACTIVE","RB38C7B6AB1EF","Combi Libre Instalación - Samsung RB38C7B6AB1/EF, Grafito, 2,03 metros,  No-Frost, Wi-Fi"
"gid://shopify/Product/15427371729228","combi-libre-instalacion-samsung-rb38c7b6d22ef-negro-smart-altura-203-m-eficiencia-d","ACTIVE","RB38C7B6D22EF","Combi Libre Instalación - SAMSUNG RB38C7B6D22/EF, Negro, Smart, Altura 2.03 m, Eficiencia D"
"gid://shopify/Product/15427371958604","combi-libre-instalacion-hisense-rb390n4awe-blanco-186-metros-no-frost","ACTIVE","RB390N4AWE","Combi Libre Instalación - Hisense RB390N4AWE, Blanco, 1.86 metros,  No Frost"
"gid://shopify/Product/15427373891916","combi-libre-instalacion-samsung-rb53dg703cs9ef-inox-eficiencia-c-203m-075m","ACTIVE","RB53DG703CS9EF","Combi Libre Instalación - SAMSUNG RB53DG703CS9EF, Inox, Eficiencia C, 2.03m, 0.75m"
"gid://shopify/Product/15427373924684","combi-libre-instalacion-samsung-rb53dg703ds9ef-inox-eficiencia-d-203m-075m-ai","ACTIVE","RB53DG703DS9EF","Combi Libre Instalación - SAMSUNG RB53DG703DS9EF, Inox, Eficiencia D, 2.03m, 0.75m, AI"
"gid://shopify/Product/15427373990220","combi-libre-instalacion-samsung-rb53dg706as9ef-inox-eficiencia-a-203m-075m-ai","ACTIVE","RB53DG706AS9EF","Combi Libre Instalación - SAMSUNG RB53DG706AS9EF, Inox, Eficiencia A, 2.03m, 0.75m, AI"
"gid://shopify/Product/15427374547276","radio-despertador-sangean-rcr-5-plata-acdc","ACTIVE","RCR-5","Radio Despertador - SANGEAN RCR-5, Plata, AC/DC"
"gid://shopify/Product/15427374645580","panel-radiante-orbegozo-rew1-wifi","ACTIVE","REW1000","Panel Radiante - Orbegozo REW1000 Wifi"
"gid://shopify/Product/15427374940492","radio-portatil-elbe-rf-52-sob-amfm-altavoz-pilas","ACTIVE","RF52SOB","Radio Portátil - ELBE RF-52-SOB AM/FM Altavoz, Pilas"
"gid://shopify/Product/15427375006028","frigorifico-multidoor-samsung-rf59c700eb1es-no-frost-179-metros-grafito","ACTIVE","RF59C700EB1ES","Frigorífico Multidoor - Samsung RF59C700EB1/ES, No Frost, 1.79 metros, Grafito"
"gid://shopify/Product/15427375235404","frigorifico-multidoor-samsung-rf65dg960esref-acero","ACTIVE","RF65DG960ESREF","Frigorífico Multidoor SAMSUNG RF65DG960ESREF Acero"
"gid://shopify/Product/15427375399244","congelador-vertical-beko-rfne290l41gn-no-frost-171-metros-look-inox","ACTIVE","RFNE290L41GN","Congelador Vertical- Beko RFNE290L41GN, No-Frost, 1.71 metros, Look Inox"
"gid://shopify/Product/15427376611660","camara-kodak-ektar-h35-negra-1100","ACTIVE","RK0101","Cámara - KODAK EKTAR H35, Negra, 1/100"
"gid://shopify/Product/15427376677196","camara-analogica-kodak-ektar-h35-marron-flash-incorporado","ACTIVE","RK0102","Cámara Analógica - KODAK, EKTAR H35, Marrón, Flash incorporado"
"gid://shopify/Product/15427376709964","camara-analogica-kodak-ektar-h35-beigeflash-manual-incorporado","ACTIVE","RK0104","Cámara Analógica - KODAK, EKTAR H35, Beige,Flash manual incorporado"
"gid://shopify/Product/15427376808268","conservador-libre-instalacion-hisense-rl481n4bwe-no-frost-185-metros-blanco","ACTIVE","RL481N4BWE","Conservador Libre Instalación - Hisense RL481N4BWE, No-Frost, 1.85 metros, Blanco"
"gid://shopify/Product/15427376873804","combi-libre-instalacion-hisense-rm469n4acd-3-puertas-acero-inoxidable-200-metros-no-frost","ACTIVE","RM469N4ACD","Combi Libre Instalación Hisense RM469N4ACD, 3 Puertas, Acero Inoxidable, 2,00 metros,  No-Frost"
"gid://shopify/Product/15427377791308","radio-sunstech-rps76-negro-analogica","ACTIVE","RPS760BK","Radio - Sunstech RPS760,  Negro, Analógica"
"gid://shopify/Product/15427378741580","conservador-libre-instalacion-samsung-rr39c7bh5s9ef-altura-186-cm-inox","ACTIVE","RR39C7BH5S9","Conservador Libre Instalación - SAMSUNG RR39C7BH5S9/EF Altura 186 cm, Inox"
"gid://shopify/Product/15427379364172","auriculares-diadema-sennheiser-rs-120-w-inalambricos-base-de-carga-negros","ACTIVE","RS120W","Auriculares Diadema - SENNHEISER RS 120-W, Inalámbricos, Base de carga, Negros"
"gid://shopify/Product/15427380019532","conservador-libre-instalacion-beko-rssa290m41wn-ciclico-185-metros-blanco","ACTIVE","RSSA290M41WN","Conservador Libre Instalación - Beko RSSA290M41WN, Cíclico, 1,85 metros, Blanco"
"gid://shopify/Product/15427382477132","radio-despertador-sangean-dcr-83-negro-pantalla-lcd-usb-para-carga","ACTIVE","SDCR83B","Radio Despertador - SANGEAN, DCR-83, Negro, Pantalla LCD, USB Para Carga"
"gid://shopify/Product/15427382542668","radio-sangean-ddr-36-bt-negro-lcd-bluetooth","ACTIVE","SDDR36BTB","Radio - SANGEAN DDR-36 BT, Negro, LCD, Bluetooth"
"gid://shopify/Product/15427382739276","radio-portatil-sangean-dpr-42bt-blanco-azul-recepcion-digital-dab","ACTIVE","SDPR42BTWHIB","Radio Portátil - SANGEAN, DPR-42BT, Blanco Azul, Recepción Digital DAB+"
"gid://shopify/Product/15427383001420","telefono-movil-qubo-senior-p-210rd-rojo-28-1000-mah","ACTIVE","SENIOR P210NW-RD","Teléfono Móvil - QUBO SENIOR P-210RD, Rojo, 2.8"", 1000 mAh"
"gid://shopify/Product/15427383066956","cafetera-express-sage-ses92bss4eeu1-dual-boile","ACTIVE","SES920BSS4EEU1","Cafetera Express - Sage  SES920BSS4EEU1 Dual Boile"
"gid://shopify/Product/15427384705356","smartphone-xiaomi-redmi-a5-ocean-blue-ram-3-gb-almacenamiento-64-gb-688","ACTIVE","MZB0JRIEU","Smartphone - XIAOMI Redmi A5, Ocean Blue, RAM 3 GB, Almacenamiento 64 GB, 6.88"""
"gid://shopify/Product/15427384738124","smartphone-xiaomi-redmi-a5-midnight-black-5200m-ah-4-gb-almacenamiento-128-gb","ACTIVE","MZB0JRYEU","Smartphone - XIAOMI Redmi A5 Midnight Black, 5200m Ah, 4 GB, Almacenamiento 128 GB"
"gid://shopify/Product/15427384770892","smartphone-xiaomi-redmi-a5-midnight-black-5200-mah-ram-3-gb-almacenamiento-64-gb","ACTIVE","MZB0JSEEU","Smartphone - XIAOMI Redmi A5 Midnight Black, 5200 mAh, RAM 3 GB, Almacenamiento 64 GB"
"gid://shopify/Product/15427384803660","smartphone-xiaomi-redmi-a5-ocean-blue-ram-4-gb-almacanamiento-128-gb-688","ACTIVE","MZB0JSTEU","Smartphone - XIAOMI Redmi A5, Ocean Blue, RAM 4 GB, Almacanamiento 128 GB, 6.88"""
"gid://shopify/Product/15427384836428","smartphone-xiaomi-redmi-a5-sandy-gold-ram-3-gb-almacenamiento-64-gb-688","ACTIVE","MZB0JTEEU","Smartphone - XIAOMI Redmi A5, Sandy Gold, RAM 3 GB, Almacenamiento 64 GB, 6.88"""
"gid://shopify/Product/15427384869196","smartphone-xiaomi-redmi-a5-sandy-gold-4-gb-128-gb-68-5200-mah","ACTIVE","MZB0JTPEU","Smartphone - XIAOMI REDMI A5 Sandy Gold, 4 GB, 128 GB, 6.8"", 5200 mAh"
"gid://shopify/Product/15427385196876","telefono-movil-qubo-neo2nw-negro-24-800-mah","ACTIVE","NEO2NW-BK","Teléfono Móvil - QUBO NEO2NW, Negro, 2.4"", 800 mAh"
"gid://shopify/Product/15427385262412","movil-nokia-105-ds-negro-177-800-mah","ACTIVE","NOKIA105","Móvil - NOKIA 105 DS, Negro, 1.77"", 800 mAh"
"gid://shopify/Product/15427385393484","movil-nokia-235-ds-4g-azul-28","ACTIVE","NOKIA235","Móvil - NOKIA 235 DS, 4G, Azul, 2.8"""
"gid://shopify/Product/15427385459020","naricero-philips-nt56516-serie-5","ACTIVE","NT565016","Naricero - Philips NT5650/16 Serie 5000"
"gid://shopify/Product/15427385491788","horno-multifuncion-samsung-nv7b41301asu1-inox-pirolitico","ACTIVE","NV7B41301ASU1","Horno Multifunción - SAMSUNG NV7B41301AS/U1, Inox, Pirolítico"
"gid://shopify/Product/15427385557324","horno-multifuncion-samsung-nv7b5750tdku1-negro-pirolitico-vapor","ACTIVE","NV7B5750TDKU1","Horno Multifunción - SAMSUNG NV7B5750TDK/U1, Negro, Pirolítico, Vapor"
"gid://shopify/Product/15427385590092","horno-multifuncion-samsung-nv7b6795jaku1-negro-pirolitico-vapor","ACTIVE","NV7B6795JAKU1","Horno Multifunción - SAMSUNG NV7B6795JAK/U1, Negro, Pirolítico, Vapor"
"gid://shopify/Product/15427385655628","hervidor-nevir-nvr-1113ki-1800w-18-litros-inox","ACTIVE","NVR1113KI","Hervidor - Nevir NVR-1113KI, 1800W, 1,8 Litros, Inox"
"gid://shopify/Product/15427385819468","microondas-libre-instalacion-nevir-nvr-6200m-700-w-20-litros-blanco","ACTIVE","NVR6200M","Microondas Libre Instalación -Nevir NVR-6200M, 700 W, 20 litros,  Blanco"
"gid://shopify/Product/15427386016076","tv-led-nevir-nvr-7804bc-32rd2sn-32-hd-hdmi-2-usb-3-hdmi","ACTIVE","NVR7804BC32RD2SN","TV LED - NEVIR NVR-7804BC-32RD2SN, 32"", HD, HDMI, 2 USB, 3 HDMI"
"gid://shopify/Product/15427386048844","tv-led-nevir-nvr-8843bm-4k2sb-sman-43-4k-uhd-wifi-bluetooth","ACTIVE","NVR8843BM4K2SB","TV LED - NEVIR NVR-8843BM-4K2SB-SMAN, 43"", 4K UHD , WiFi, Bluetooth"
"gid://shopify/Product/15427386212684","placa-induccion-samsung-nz63b5046gku1-60-cm-3-zonas-wifi","ACTIVE","NZ63B5046GKU1","Placa Inducción - SAMSUNG NZ63B5046GK/U1, 60 cm, 3 zonas, WiFi"
"gid://shopify/Product/15427386278220","placa-induccion-samsung-nz63m3nm1bbur-3f","ACTIVE","NZ63M3NM1BBUR","Placa Inducción - SAMSUNG NZ63M3NM1BB/UR 3f"
"gid://shopify/Product/15427386310988","placa-induccion-samsung-nz63t3706a1ur-3-zonas-de-coccion-smart-touch-control-negro","ACTIVE","NZ63T3706A1UR","Placa Inducción - Samsung NZ63T3706A1/UR, 3 zonas de cocción, Smart Touch Control, Negro"
"gid://shopify/Product/15427386343756","placa-flexinduccion-samsung-nz64b5066fku1-4-zonas-negro","ACTIVE","NZ64B5066FKU1","Placa Flexinducción - SAMSUNG NZ64B5066FK/U1, 4 zonas,  Negro"
"gid://shopify/Product/15427386474828","tv-oled-lg-oled42c44la-evo-42-4k-uhd-dolby-vision-atmos","ACTIVE","OLED42C44LA","TV OLED - LG OLED42C44LA EVO, 42"", 4K UHD, Dolby Vision Atmos"
"gid://shopify/Product/15427386999116","tv-oled-lg-oled65g55lw-65-4k-uhd-hdr-dolby-vision","ACTIVE","OLED65G55LW","TV OLED - LG OLED65G55LW, 65"", 4K UHD, HDR Dolby Vision"
"gid://shopify/Product/15427387457868","telefono-movil-qubo-p180-negro-177-2g-doble-sim-mayores","ACTIVE","P180 BK","Teléfono Móvil - QUBO P180, Negro, 1,77"", 2G, Doble SIM, Mayores"
"gid://shopify/Product/15427387490636","movil-qubo-senior-p210nw-4g-negro-28-dual-sim","ACTIVE","P-210NW 4G","Móvil - QUBO SENIOR P210NW, 4G, Negro, 2.8"", Dual Sim"
"gid://shopify/Product/15427387621708","maquina-palomitas-orbegozo-pa435-vintage","ACTIVE","PA4350","Máquina Palomitas - Orbegozo PA4350 Vintage"
"gid://shopify/Product/15427388178764","radio-portatil-muse-m-025-rw-blanco","ACTIVE","M025RW","Radio Portátil - MUSE M-025 RW, Blanco"
"gid://shopify/Product/15427388277068","radio-bolsillo-muse-m-03-r-negro","ACTIVE","M03R","Radio Bolsillo - Muse M-03 R, Negro"
"gid://shopify/Product/15427388309836","radio-portatil-muse-m-050-r-negro","ACTIVE","M050R","Radio Portátil - MUSE M-050 R, Negro"
"gid://shopify/Product/15427388342604","radio-portatil-muse-m-051-r-negro","ACTIVE","M051R","Radio Portátil - Muse M-051 R, Negro"
"gid://shopify/Product/15427388375372","radio-portatil-muse-m-051-r-blanco","ACTIVE","M051RW WHITE","Radio Portátil - Muse M-051 R, Blanco"
"gid://shopify/Product/15427388473676","radio-portatil-muse-m-055-rb-negro","ACTIVE","M055RB BLACK","Radio Portátil - Muse M-055 RB, Negro"
"gid://shopify/Product/15427388506444","radio-portatil-muse-m-058-r-gris","ACTIVE","M058R","Radio Portátil - MUSE M-058 R, Gris"
"gid://shopify/Product/15427388571980","radio-portatil-muse-m-081-r-negro","ACTIVE","M081R","Radio Portátil - Muse M-081 R, Negro"
"gid://shopify/Product/15427388637516","radio-portatil-muse-m-091-r-negro","ACTIVE","M091R","Radio Portátil - Muse M-091 R, Negro"
"gid://shopify/Product/15427388670284","radio-portatil-muse-m-109-db-negro","ACTIVE","M109DB","Radio Portátil - Muse  M-109 DB, Negro"
"gid://shopify/Product/15427388703052","radio-despertador-muse-m-109-dbw-blanco","ACTIVE","M109DW","Radio Despertador -MUSE M-109 DBW, Blanco"
"gid://shopify/Product/15427388735820","radio-muse-m-10-azul-despertador","ACTIVE","M10BL","Radio - MUSE M-10 ,Azul, Despertador"
"gid://shopify/Product/15427388768588","radio-muse-m-10-rosa-despertador","ACTIVE","M10CPK","Radio - MUSE M-10, Rosa, Despertador"
"gid://shopify/Product/15427388801356","radio-despertador-muse-m-10-cr-negro","ACTIVE","M10CR","Radio Despertador - MUSE M-10 CR, Negro"
"gid://shopify/Product/15427388834124","radio-despertador-muse-m-10-rojo","ACTIVE","M10RED","Radio Despertador - Muse  M-10, Rojo"
"gid://shopify/Product/15427388866892","reproductor-casetes-muse-m-132-wm-negro-1600-mah-bluetooth","ACTIVE","M132WM","Reproductor Casetes - MUSE M-132 WM, Negro, 1600 mAh, Bluetooth"
"gid://shopify/Product/15427389129036","radio-despertador-muse-m-175-wi-negro","ACTIVE","M175WI","Radio Despertador - MUSE M-175 WI, Negro"
"gid://shopify/Product/15427389161804","radio-despertador-muse-m-178-p-negro-proyector","ACTIVE","M178P","Radio Despertador - Muse M-178 P, Negro, Proyector"
"gid://shopify/Product/15427389194572","radio-despertador-muse-m-178-pw-blanco-proyector","ACTIVE","M178PW","Radio Despertador - Muse M-178 PW, Blanco, Proyector"
"gid://shopify/Product/15427389227340","radio-despertador-muse-m-179-p-negro-proyeccion-hora","ACTIVE","M179P","Radio Despertador - MUSE M-179 P, Negro, Proyección Hora"
"gid://shopify/Product/15427389260108","altavoz-portatil-muse-m-1805-dj-negro","ACTIVE","M1805DJ","Altavoz Portátil - MUSE M-1805, DJ, Negro"
"gid://shopify/Product/15427389292876","radio-cd-muse-m-182-rdc-lcd-grabador-cassette","ACTIVE","M182RDC","Radio CD - MUSE M-182 RDC, LCD, Grabador Cassette"
"gid://shopify/Product/15427389522252","altavoz-muse-m1935-dj-karaoke-negro-400w","ACTIVE","M1935DJ","Altavoz -MUSE M1935-DJ, Karaoke, Negro, 400W"
"gid://shopify/Product/15427389587788","altavoz-portatil-muse-m1938-dj-karaoke-negro","ACTIVE","M1938DJ","Altavoz Portátil - MUSE M1938-DJ, Karaoke, Negro"
"gid://shopify/Product/15427389817164","altavoz-portatil-muse-m-530-ka-karaoke-negro-30w","ACTIVE","M530KA","Altavoz Portátil - MUSE M-530 KA, Karaoke, Negro, 30W"
"gid://shopify/Product/15427389915468","altavoces-de-estanteria-muse-m-620-negro-150w-bluetooth","ACTIVE","M620SH","Altavoces de Estantería - MUSE M-620, Negro, 150W, Bluetooth"
"gid://shopify/Product/15427389948236","microcadena-con-altavoces-muse-m-692-btc-negro-nfc","ACTIVE","M-692 BTC","Microcadena con Altavoces - MUSE M-692 BTC, Negro, NFC"
"gid://shopify/Product/15427389981004","microcadena-con-altavoces-muse-m-70-dbt-negro-40w-bluetooth","ACTIVE","M70DBT","Microcadena con Altavoces - MUSE M-70 DBT, Negro, 40W, Bluetooth"
"gid://shopify/Product/15427390144844","altavoz-inalambrico-muse-m-780-btr-rojo","ACTIVE","M780BTR","Altavoz Inalámbrico - MUSE M-780 BTR, Rojo"
"gid://shopify/Product/15427390177612","microcadena-con-altavoces-muse-m-80-dj-negro-bluetooth","ACTIVE","M80DJ","Microcadena con Altavoces - MUSE M-80 DJ, Negro, Bluetooth"
"gid://shopify/Product/15427390308684","soporte-pared-fijo-vogels-ma1000-negro-de-19-a-40","ACTIVE","MA1000-B1","Soporte Pared Fijo - VOGEL'S MA1000, Negro, de 19"" a 40"""
"gid://shopify/Product/15427391029580","microfono-con-cable-muse-mc-20-b","ACTIVE","MC20B","Micrófono con Cable - MUSE MC-20 B"
"gid://shopify/Product/15427391062348","microfono-inalambrico-muse-mc-30-wi","ACTIVE","MC30WI","Micrófono Inalámbrico - MUSE MC-30 WI"
"gid://shopify/Product/15427391095116","microondas-libre-instalacion-samsung-mc32db7746kee1-32lgrill","ACTIVE","MC32DB7746KEE1","Microondas Libre Instalación - SAMSUNG MC32DB7746KEE1, 32L,Grill"
"gid://shopify/Product/15427391488332","auricular-diadema-sony-mdr-zx310ap-blanco","ACTIVE","MDRZX310APW.CE7","Auricular Diadema - Sony MDR-ZX310AP, Blanco"
"gid://shopify/Product/15427391586636","microondas-integrable-samsung-mg22m8274cte1-850-w-22-litros-inox","ACTIVE","MG22M8274CTE1","Microondas Integrable - Samsung MG22M8274CT/E1, 850 W, 22 litros, Inox"
"gid://shopify/Product/15427391619404","microondas-integrable-samsung-mg23a7013ctec-23l","ACTIVE","MG23A7013CTEC","Microondas Integrable - SAMSUNG MG23A7013CT/EC, 23L"
"gid://shopify/Product/15427391717708","microondas-libre-instalacion-samsung-mg23dg4524ate1-23l-grill","ACTIVE","MG23DG4524ATE1","Microondas Libre Instalación - SAMSUNG MG23DG4524ATE1, 23L, Grill"
"gid://shopify/Product/15427391750476","microondas-libre-instalacion-samsung-mg23dg4524cge1-23l-grill-negro","ACTIVE","MG23DG4524CGE1","Microondas Libre Instalación - SAMSUNG MG23DG4524CGE1, 23L, Grill, Negro"
"gid://shopify/Product/15427391848780","microondas-libre-instalacion-samsung-mg23t5018cwec-23l-grill-blanco","ACTIVE","MG23T5018CWEC","Microondas Libre Instalación - SAMSUNG MG23T5018CW/EC, 23L, Grill, Blanco"
"gid://shopify/Product/15427391947084","barbero-philips-mg374015-series-3000-60-min","ACTIVE","MG374015","Barbero - PHILIPS MG374015, Series 3000, 60 min"
"gid://shopify/Product/15427392078156","mini-pistola-masaje-muscular-beurer-mg-99-le","ACTIVE","MG99LE","Mini Pistola Masaje Muscular - Beurer MG-99-LE"
"gid://shopify/Product/15427392569676","microondas-libre-instalacion-lg-mh6336gib-negro-23l-smart-inverter","ACTIVE","MH6336GIB","Microondas Libre Instalación - LG MH6336GIB, Negro, 23L, Smart Inverter"
"gid://shopify/Product/15427393847628","microondas-libre-instalacion-samsung-ms20a3010al-20l-negro","ACTIVE","MS20A3010ALEC","Microondas Libre Instalación - SAMSUNG MS20A3010AL, 20L, Negro"
"gid://shopify/Product/15427394109772","tocadiscos-muse-mt-105-b-negro","ACTIVE","MT105BT","Tocadiscos - MUSE MT-105 B, Negro"
"gid://shopify/Product/15427394240844","tocadiscos-muse-mt-108-bt-altavoces-madera-bluetooth","ACTIVE","MT108BT","Tocadiscos - MUSE MT-108 BT, Altavoces, Madera, Bluetooth"
"gid://shopify/Product/15427394699596","tocadiscos-muse-mt-201-dg-gris-oscuro-bluetooth","ACTIVE","MT201DG","Tocadiscos - MUSE MT-201 DG, Gris Oscuro, Bluetooth"
"gid://shopify/Product/15427394732364","tocadiscos-muse-mt-201-ob-azul","ACTIVE","MT201OB","Tocadiscos - MUSE MT-201 OB, Azul"
"gid://shopify/Product/15427394797900","tocadiscos-muse-mt-201-ww-blanco-altavoces","ACTIVE","MT201WW","Tocadiscos - MUSE MT-201 WW, Blanco, Altavoces"
"gid://shopify/Product/15427394896204","tocadiscos-muse-mt-207pgr-verde-altavoces","ACTIVE","MT207PGR","Tocadiscos - MUSE MT-207PGR Verde, Altavoces"
"gid://shopify/Product/15427396043084","altavoz-portatil-jbl-clip-4-blanco","ACTIVE","CLIP4W","Altavoz Portátil - JBL CLIP 4, Blanco"
"gid://shopify/Product/15427396403532","radio-reloj-despertador-aiwa-cru-19bk-negro-cargador-red-bateria","ACTIVE","CRU-19BK","Radio Reloj Despertador - AIWA CRU-19BK, Negro, Cargador, Red & Batería"
"gid://shopify/Product/15427396993356","microcadena-con-altavoces-denon-dm-41-negro-60w-cd-bluetooth","ACTIVE","D0041B","Microcadena  Con Altavoces - DENON DM-41,  Negro, 60W, CD, Bluetooth"
"gid://shopify/Product/15427397026124","microcadena-con-altavoces-denon-ceol-n10-blanca-130-wifibluetooth-usb","ACTIVE","D10026","Microcadena con Altavoces - DENON, CEOL N10, Blanca, 130, WIFI,Bluetooth, USB"
"gid://shopify/Product/15427397288268","reproductor-hifi-cd-denon-dcd-600-plata-mando-a-distancia","ACTIVE","D1480","Reproductor - HiFi , CD, DENON, DCD-600, Plata, Mando a Distancia"
"gid://shopify/Product/15427397615948","telefono-movil-senior-qubo-senior-d-1803-negro-177-800-mah","ACTIVE","D-1803BK","Teléfono Móvil Senior - QUBO SENIOR D-1803, Negro, 1.77"", 800 mAh"
"gid://shopify/Product/15427397714252","tocadiscos-denon-dp-29f-plata-45-rpm","ACTIVE","D990","Tocadiscos - DENON DP-29F, Plata, 45 RPM"
"gid://shopify/Product/15427398041932","campana-integrable-bosch-dbb97am60-90cm-63-db-460-mh-negro","ACTIVE","DBB97AM60","Campana Integrable  - Bosch DBB97AM60, 90cm, 63 dB, 460 m³/h, Negro"
"gid://shopify/Product/15427398107468","camara-digital-agfaphoto-dc5200-negro","ACTIVE","DC5200B","Cámara Digital - Agfaphoto DC5200, Negro"
"gid://shopify/Product/15427398173004","camara-digital-agfaphoto-dc5200-azul","ACTIVE","DC5200BL","Cámara Digital - Agfaphoto DC5200, Azul"
"gid://shopify/Product/15427398369612","camara-digital-agfaphoto-dc5200-rojo","ACTIVE","DC5200R","Cámara Digital - Agfaphoto DC5200, Rojo"
"gid://shopify/Product/15427398402380","camara-compacta-agfaphoto-dc5200-plata-21-mp","ACTIVE","DC5200SI","Cámara Compacta - AGFAPHOTO DC5200 Plata, 21 MP"
"gid://shopify/Product/15427398435148","camara-digital-agfaphoto-realishot-dc5500-azul-24mp-videos-hd-cmos","ACTIVE","DC5500BL","Cámara Digital - AGFAPHOTO Realishot DC5500, Azul, 24MP, Videos HD, CMOS"
"gid://shopify/Product/15427398500684","camara-digital-agfaphoto-realishot-dc5500-rosa-24-mp-hd-tft-24","ACTIVE","DC5500PK","Cámara Digital - AGFAPHOTO Realishot DC5500, Rosa, 24 MP, HD, TFT 2,4"""
"gid://shopify/Product/15427398566220","camara-digital-agfaphoto-realishot-dc5500-rojo-cmos-24-mp","ACTIVE","DC5500RD","Cámara Digital - AGFAPHOTO REALISHOT DC5500, Rojo, CMOS 24 MP"
"gid://shopify/Product/15427398664524","camara-digital-agfaphoto-dc8200-azul","ACTIVE","DC8200BL","Cámara Digital - Agfaphoto DC8200, Azul"
"gid://shopify/Product/15427398861132","camara-compacta-agfaphoto-dc9200-negra-24-mp-4k","ACTIVE","DC9200BK","Cámara Compacta - AGFAPHOTO DC9200, Negra, 24 MP, 4K"
"gid://shopify/Product/15427398959436","reproductor-de-cd-denon-dcd-600-negro-mp3","ACTIVE","DCD600NEBKE2","Reproductor de CD - DENON DCD-600, Negro, MP3"
"gid://shopify/Product/15427399418188","radio-sangean-genuine-ddr-31-bt-lcd-4w","ACTIVE","DDR-31","Radio - SANGEAN GENUINE DDR-31 BT, LCD, 4W"
"gid://shopify/Product/15427399516492","reproductor-mp3-sunstech-dedaloiii-almacenamiento-8gb-gris","ACTIVE","DEDALOIII8GBGY","Reproductor MP3 - SUNSTECH DEDALOIII, Almacenamiento 8GB, Gris"
"gid://shopify/Product/15427400466764","secadora-condensacion-hisense-dh3s902bw3-bomba-de-calor-9-kg-blanco-a","ACTIVE","DH3S902BW3","Secadora Condensación - HISENSE DH3S902BW3, Bomba de calor, 9 kg, Blanco, A+++"
"gid://shopify/Product/15427401580876","radio-portatil-sangean-dt-140-pilas","ACTIVE","DT-140-BK","Radio Portátil - SANGEAN DT-140, Pilas"
"gid://shopify/Product/15427401711948","radio-portatil-sangean-dt-250-plata-lcd","ACTIVE","DT-250","Radio Portátil - SANGEAN DT-250, Plata, LCD"
"gid://shopify/Product/15427401777484","radio-despertador-sangean-dt-800-negro-lcd","ACTIVE","DT800-BLK","Radio Despertador - SANGEAN DT-800, Negro, LCD"
"gid://shopify/Product/15427402629452","lavavajillas-libre-instalacion-samsung-dw60a6092fset-14-servicios-44-db-60-cm-3bandeja-inox","ACTIVE","DW60A6092FSET","Lavavajillas Libre Instalación - Samsung DW60A6092FS/ET 14 servicios, 44 dB, 60 cm, 3ªBandeja, Inox"
"gid://shopify/Product/15427402727756","lavavajillas-libre-instalacion-samsung-dw60a6092fwef-14-servicios-44-db-60-cm-3bandeja-blanco","ACTIVE","DW60A6092FWEF","Lavavajillas Libre Instalación - Samsung DW60A6092FW/EF, 14 servicios, 44 dB, 60 cm, 3ªBandeja, Blanco"
"gid://shopify/Product/15427402793292","lavavajillas-libre-instalacion-samsung-dw60a8050fbet-14-cubiertos-negro-wifi","ACTIVE","DW60A8050FBET","Lavavajillas Libre Instalación - SAMSUNG DW60A8050FB/ET, 14 Cubiertos, Negro, WiFi"
"gid://shopify/Product/15427402924364","lavavajillas-libre-instalacion-samsung-dw60a8060fsef14-cubiertos-inox-wifi","ACTIVE","DW60A8060FSEF","Lavavajillas Libre Instalación - SAMSUNG DW60A8060FS/EF,14 Cubiertos, Inox, WiFi"
"gid://shopify/Product/15427403055436","lavavajillas-libre-instalacion-samsung-dw60m6050fsec-14-servicios-44-db-60-cm-3bandeja-inox","ACTIVE","DW60M6050FSEC","Lavavajillas Libre Instalación - Samsung DW60M6050FS/EC, 14 servicios, 44 dB, 60 cm, 3ªBandeja, Inox"
"gid://shopify/Product/15427403317580","plancha-de-vapor-rowenta-dx1635-effective","ACTIVE","DX1635D1","Plancha de Vapor - Rowenta DX1635 Effective"
"gid://shopify/Product/15427404661068","auriculares-inalambricos-aiwa-estm-30bk-negro","ACTIVE","ESTM30BK","Auriculares Inalámbricos - AIWA ESTM-30BK, Negro"
"gid://shopify/Product/15427409019212","lavadora-libre-instalacion-lg-f4wr5009a6w-blanco-9-kg-eficiencia-a-1400-rpm","ACTIVE","F4WR5009A6W","Lavadora Libre Instalación - LG F4WR5009A6W, Blanco, 9 kg, Eficiencia A, 1400 rpm"
"gid://shopify/Product/15427410526540","frigorifico-dos-puertas-vitrokitchen-fg130be-blanco-146-metros-gas-butano-o-electricidad","ACTIVE","FG130BE","Frigorífico Dos Puertas - Vitrokitchen FG130BE, Blanco, 1.46 metros, Gas Butano o Electricidad"
"gid://shopify/Product/15427410854220","cable-hdmi-fonestar-fo-373-05-m-full-hd","ACTIVE","FO-373","Cable HDMI - FONESTAR FO-373, 0,5 m, Full HD"
"gid://shopify/Product/15427410919756","movil-aiwa-fp-30-2g-negro-24-32-mb-1000-mah","ACTIVE","FP-30-2G/BK","Móvil - AIWA FP-30-2G, Negro, 2.4"", 32 MB, 1000 mAh"
"gid://shopify/Product/15427410952524","movil-aiwa-fp-30-2g-azul-24-usb-c-1000-mah","ACTIVE","FP-30-2G/RD","Móvil - AIWA FP-30-2G, Azul, 2.4"", USB-C, 1000 mAh"
"gid://shopify/Product/15427411018060","telefono-movil-aiwa-fp-30-4g-rojo-24-mayores","ACTIVE","FP-30-4G/BK","Teléfono Móvil - AIWA FP-30-4G, Rojo, 2.4"", Mayores"
"gid://shopify/Product/15427411050828","telefono-movil-aiwa-fp-30-4g-azul-24-mayores","ACTIVE","FP-30-4G/BL","Teléfono Móvil - AIWA FP-30-4G, Azul, 2.4"", Mayores"
"gid://shopify/Product/15427411083596","telefono-movil-aiwa-fph-s100-2g-negro18","ACTIVE","FPH-S100-2G","Teléfono Móvil - AIWA FPH-S100-2G, Negro,1.8"""
"gid://shopify/Product/15427411116364","telefono-movil-aiwa-fph-s200-2g-negro-24-mayores","ACTIVE","FPH-S200-2G","Teléfono Móvil - AIWA FPH-S200-2G, Negro, 2.4"", Mayores"
"gid://shopify/Product/15427411902796","camara-compacta-kodak-pixpro-fz55-negro-cmos-16-mp-full-hd","ACTIVE","FZ55BK","Cámara Compacta - KODAK PIXPRO FZ55, Negro, CMOS, 16 MP, Full HD"
"gid://shopify/Product/15427411968332","camara-compacta-kodak-pixpro-fz55-azul-cmos-16-mp","ACTIVE","FZ55BL","Cámara Compacta - KODAK Pixpro FZ55, Azul, CMOS 16 MP"
"gid://shopify/Product/15427412001100","camara-compacta-kodak-pixpro-fz55-rojo-16-mp-cmos","ACTIVE","FZ55RD","Cámara Compacta - KODAK PIXPRO FZ55, Rojo, 16 MP, CMOS"
"gid://shopify/Product/15427414032716","combi-libre-instalacion-lg-gbv22ncc5w-blanco-altura-203-m-no-frost-eficiencia-c","ACTIVE","GBV22NCC5W","Combi Libre Instalación - LG GBV22NCC5W, Blanco, Altura 2.03 m, No Frost, Eficiencia C"
"gid://shopify/Product/15427414098252","combi-libre-instalacion-lg-gbv3100apy-inox-altura-186-m-no-frost-eficiencia-a","ACTIVE","GBV3100APY","Combi Libre Instalación - LG GBV3100APY, Inox, Altura 1.86 m, No Frost, Eficiencia A"
"gid://shopify/Product/15427415572812","frigorifico-multidoor-beko-gno46623mxp-no-frost-180-metros-inox","ACTIVE","GNO46623MXPN","Frigorífico Multidoor -  Beko GNO46623MXP, No Frost, 1.80 metros, Inox"
"gid://shopify/Product/15427419799884","placa-induccion-hisense-hi6321bsce-negro-3-zonas-7100w","ACTIVE","HI6321BSCE","Placa Inducción - HISENSE HI6321BSCE, Negro, 3 Zonas, 7100W"
"gid://shopify/Product/15427420422476","horno-sobremesa-jata-hn945-45-litros-negro","ACTIVE","HN945","Horno Sobremesa - Jata HN945, 45 litros, Negro"
"gid://shopify/Product/15427421569356","lavavajillas-libre-instalacion-hisene-hs623d10x-14-servicios-47-db-60-cm-3bandeja-inox","ACTIVE","HS623D10X","Lavavajillas Libre Instalación - Hisene HS623D10X, 14 servicios, 47 dB, 60 cm,  3ªBandeja, Inox"
"gid://shopify/Product/15427422880076","auricular-diadema-aiwa-hst-250bttn-plata-bluetooth","ACTIVE","HST-250BT/TN","Auricular Diadema - Aiwa HST-250BT/TN Plata, Bluetooth"
"gid://shopify/Product/15427423830348","barra-de-sonido-samsung-hw-b650-31-canales-bluetooth","ACTIVE","HW-B650D/ZF","Barra de Sonido - SAMSUNG HW-B650, 3.1 Canales, Bluetooth,"
"gid://shopify/Product/15427423895884","barra-de-sonido-subwoofer-samsung-hw-q800dzf","ACTIVE","HWQ800D/ZF","Barra de Sonido Subwoofer - SAMSUNG HW-Q800D/ZF"
"gid://shopify/Product/15427423928652","barra-de-sonido-samsung-hw-q990dzf-grafito-subwoofer-22-altavoces","ACTIVE","HWQ990D/ZF","Barra de Sonido - SAMSUNG HW-Q990D/ZF, Grafito, Subwoofer, 22 Altavoces"
"gid://shopify/Product/15427424256332","reproductor-mp4-sunstech-ibizabt8gbbk-8-gb-bluetooth-negro","ACTIVE","IBIZABT8GBBK","Reproductor MP4 - SUNSTECH IBIZABT8GBBK, 8 GB, Bluetooth, Negro"
"gid://shopify/Product/15427424551244","aspirador-escoba-shark-ip3251eu-70-min-vaciado-automatico","ACTIVE","IP3251EUT","Aspirador Escoba - SHARK IP3251EU, 70 min, Vaciado Automático"
"gid://shopify/Product/15427424616780","centro-de-planchado-braun-is1012bl-2400w-15l-340-gmin","ACTIVE","IS1012BL","Centro de planchado - BRAUN IS1012BL, 2400W, 1,5L, 340 g/min"
"gid://shopify/Product/15427424813388","auriculares-inalambricos-jbl-tune-flex-negro-bluetooth-ipx4","ACTIVE","JBL30555","Auriculares Inalámbricos - JBL Tune Flex, Negro, Bluetooth, IPX4"
"gid://shopify/Product/15427424846156","altavoz-portatil-jbl-charge5-verde-30-w-ip67","ACTIVE","JBLCHARGE5GREEN","Altavoz Portátil - JBL CHARGE5, Verde, 30 W, IP67"
"gid://shopify/Product/15427424878924","altavoz-portatil-bl-charge5-squad-bluetooth-7500-mah-30w","ACTIVE","JBLCHARGE5SQUAD","Altavoz Portátil - BL CHARGE5 Squad, Bluetooth, 7500 mAh, 30W"
"gid://shopify/Product/15427424944460","altavoz-portatil-jbl-charge5-verde-azulado","ACTIVE","JBLCHARGE5TEAL","Altavoz Portátil - JBL CHARGE5, Verde azulado"
"gid://shopify/Product/15427425009996","altavoz-jbl-charge5-black","ACTIVE","JBLCHARGE5TMLEU","Altavoz - JBL Charge5, Black"
"gid://shopify/Product/15427425042764","altavoz-portatil-jbl-clip-4-green-bluetooth-ip67","ACTIVE","JBLCLIP4GRN","Altavoz Portátil - JBL Clip 4 Green, Bluetooth, IP67"
"gid://shopify/Product/15427425075532","auricular-deportivos-jbl-endurance-peak-3-blanco","ACTIVE","JBLENDURANCE3WH","Auricular Deportivos - JBL Endurance Peak 3, Blanco"
"gid://shopify/Product/15427425108300","auriculares-deportivos-jbl-endurance-peak-3-negros-estuche-950-mah-ip68","ACTIVE","JBLENDURPEAK3BL","Auriculares Deportivos - JBL ENDURANCE PEAK 3, Negros, Estuche 950 mAh, IP68"
"gid://shopify/Product/15427425173836","altavoz-jbl-flip-essential-2-gun-metal","ACTIVE","JBLFLIPES2","Altavoz - JBL  Flip Essential 2, Gun Metal"
"gid://shopify/Product/15427425239372","altavoz-portatil-jbl-go-4-azul-44w-bluetooth","ACTIVE","JBLGO4BLUE","Altavoz Portátil - JBL GO 4, Azul, 44W, Bluetooth"
"gid://shopify/Product/15427425272140","altavoz-portatil-jbl-go-4-rojo-ip67-42-rms","ACTIVE","JBLGO4RED","Altavoz Portátil - JBL GO 4, Rojo, IP67, 4,2 RMS"
"gid://shopify/Product/15427425304908","altavoz-portatil-jbl-go4-squad","ACTIVE","JBLGO4SQUAD","Altavoz Portátil JBL GO4 Squad"
"gid://shopify/Product/15427425370444","altavoz-portatil-jbl-go4-blanco-bluetooth-850-m-ah-ip67","ACTIVE","JBLGO4WHT","Altavoz Portátil - JBL GO4, Blanco, Bluetooth, 850 m Ah, IP67"
"gid://shopify/Product/15427425861964","auriculares-internos-jbl-live-flex-3-morado-bluetooth","ACTIVE","JBLLIVEFLEX3PURPLE","Auriculares Internos - JBL Live Flex 3, Morado, Bluetooth"
"gid://shopify/Product/15427425993036","auriculares-inalambricos-jbl-live-flex-3-plata-usb-c-estuche-690-mah","ACTIVE","JBLLIVEFLEX3SIL","Auriculares Inalámbricos - JBL LIVE FLEX 3, Plata, USB-C, Estuche 690 mAh"
"gid://shopify/Product/15427426058572","auricular-interno-jbl-soundgear-negro","ACTIVE","JBLSNDGEARSNSBLK","Auricular Interno - JBL SoundGear, Negro"
"gid://shopify/Product/15427426091340","auricular-interno-jbl-soundgear-bluetooth-ip54-blanco","ACTIVE","JBLSNDGEARSNSWHT","Auricular Interno - JBL SoundGear, Bluetooth, IP54, Blanco"
"gid://shopify/Product/15427426222412","auriculares-con-cable-jbl-t110-rojos","ACTIVE","JBLT110RED","Auriculares con cable - JBL T110, Rojos"
"gid://shopify/Product/15427426255180","auricular-diadema-jbl-tune-520bt-black","ACTIVE","JBLT520BTBLKEU","Auricular Diadema - JBL Tune 520BT, Black"
"gid://shopify/Product/15427426287948","auricular-diadema-jbl-tune-520bt-blue","ACTIVE","JBLT520BTBLUEU","Auricular Diadema - JBL Tune 520BT, Blue"
"gid://shopify/Product/15427426451788","auricular-diadema-jbl-tune-660nc-black","ACTIVE","JBLT660NCBLK","Auricular Diadema - JBL Tune 660NC, Black"
"gid://shopify/Product/15427426484556","auricular-diadema-jbl-tune-720bt-bluetooth-negro","ACTIVE","JBLT720BTBLK","Auricular Diadema - JBL Tune 720BT, Bluetooth, Negro"
"gid://shopify/Product/15427426517324","auricular-diadema-jbl-tune-720bt-azul","ACTIVE","JBLT720BTBLU","Auricular Diadema - JBL Tune 720BT Azul"
"gid://shopify/Product/15427426582860","auriculares-inalambricos-jbl-tune-720bt-blanco-diadema","ACTIVE","JBLT720BTWHT","Auriculares Inalámbricos - JBL Tune 720BT, Blanco, Diadema"
"gid://shopify/Product/15427426615628","auriculares-inalambricos-jbl-tune-770nc-negro-usb-c-cancelacion-ruido","ACTIVE","JBLT770NCBLK","Auriculares Inalámbricos - JBL TUNE 770NC, Negro, USB-C, Cancelación Ruido"
"gid://shopify/Product/15427426648396","auriculares-inalambricos-jbl-tune-flex-blanco-bluetooth","ACTIVE","JBLTFLEXWHT","Auriculares Inalámbricos - JBL Tune Flex, Blanco, Bluetooth"
"gid://shopify/Product/15427426713932","auriculares-con-cable-jbl-tune-310c-rojos","ACTIVE","JBLTUNE310CRED","Auriculares con Cable - JBL Tune 310C, Rojos"
"gid://shopify/Product/15427426746700","auricular-interno-jbl-vibe-flex-beige","ACTIVE","JBLVFLEXBEG","Auricular Interno -JBL Vibe Flex, Beige"
"gid://shopify/Product/15427426779468","auricular-interno-jbl-vibe-flex-azul","ACTIVE","JBLVFLEXBLU","Auricular Interno - JBL Vibe Flex, Azul"
"gid://shopify/Product/15427426812236","auriculares-inalambricos-jbl-wave-flex-beige-bluetooth","ACTIVE","JBLWAVEFLEXBEIGE","Auriculares Inalámbricos - JBL Wave Flex, Beige, Bluetooth"
"gid://shopify/Product/15427426845004","auriculares-inalambricos-jbl-wave-flex-axul-tactil","ACTIVE","JBLWAVEFLEXBLUE","Auriculares Inalámbricos - JBL Wave Flex, Axul, Táctil"
"gid://shopify/Product/15427426910540","altavoz-portatil-jbl-xtreme-4-squad-bluetooth-camuflaje-ip67-30w","ACTIVE","JBLXTREME4CAMOEP","Altavoz Portátil - JBL Xtreme 4 Squad, Bluetooth, Camuflaje, IP67, 30W"
"gid://shopify/Product/15427428647244","picadora-manual-tefal-k13344-5-segundos","ACTIVE","K1330404","Picadora Manual - Tefal K1330404 5 Segundos"
"gid://shopify/Product/15427429040460","altavoz-fiesta-aiwa-kbtus-450-negro-350w","ACTIVE","KBTUS-450","Altavoz Fiesta - AIWA KBTUS-450, Negro, 350W"
"gid://shopify/Product/15427429105996","altavoz-fiesta-karaoke-aiwa-kbtus-608-black","ACTIVE","KBTUS608","Altavoz Fiesta Karaoke - Aiwa KBTUS-608 Black"
"gid://shopify/Product/15427429171532","altavoz-fiesta-karaoke-aiwa-kbtus-710-black","ACTIVE","KBTUS710","Altavoz Fiesta Karaoke - Aiwa KBTUS-710 Black"
"gid://shopify/Product/15427429990732","combi-libre-instalacion-bosch-kgn33nweb-blanco-altura-176-cm","ACTIVE","KGN33NWEB","Combi Libre Instalación - BOSCH KGN33NWEB, Blanco, Altura 176 cm"
"gid://shopify/Product/15427431596364","horno-multifuncion-aeg-tr7pb73fsb-cristal-negro-perfil-inox-pirolisis","ACTIVE","949494889","Horno Multifunción - AEG TR7PB73FSB, Cristal Negro, Perfil Inox, Pirólisis"
"gid://shopify/Product/15427432513868","tv-miniled-tcl-98c6k-98-4k-uhd-google-tv-onkyo","ACTIVE","98C6K","TV MiniLED - TCL 98C6K, 98"", 4K UHD, Google TV, Onkyo"
"gid://shopify/Product/15427432579404","tv-qled-tcl-98p8k-98-4k-uhd-google-tv-onkyo","ACTIVE","98P8K","TV QLED - TCL 98P8K, 98"", 4K UHD, Google TV, Onkyo"
"gid://shopify/Product/15427439329612","combi-libre-instalacion-aspes-ac185602enfx-inox-186-m-no-frost","ACTIVE","AC185602ENFX","Combi Libre Instalación - ASPES AC185602ENFX, Inox, 1.86 m, No Frost"
"gid://shopify/Product/15427442180428","videocamara-agfaphoto-realimove-ac5000-plata-lcd","ACTIVE","AC5000GR","Videocámara - AGFAPHOTO Realimove AC5000, Plata, LCD"
"gid://shopify/Product/15427442704716","camara-deportiva-agfaphoto-realimove-ac7000-negra","ACTIVE","AC7000BK","Cámara Deportiva - Agfaphoto Realimove AC7000, Negra"
"gid://shopify/Product/15427443130700","camara-deportiva-agfaphoto-realimove-ac9000-negra","ACTIVE","AC9000BK","Cámara Deportiva - Agfaphoto Realimove AC9000, Negra"
"gid://shopify/Product/15427443458380","action-cam-agfaphoto-ac9500-negro-waterproof","ACTIVE","AC9500","Action Cam - AGFAPHOTO AC9500, Negro, Waterproof"
"gid://shopify/Product/15427447685452","aceitera-vinagrera-orbegozo-act1-1ml-vidrio","ACTIVE","ACT1000","Aceitera Vinagrera - Orbegozo ACT1000, 1000ml, Vidrio"
"gid://shopify/Product/15427447718220","aceitera-vinagrera-orbegozo-act126-125ml-vidrio","ACTIVE","ACT126","Aceitera Vinagrera - Orbegozo  ACT126, 125ml, Vidrio"
"gid://shopify/Product/15427447980364","picadora-moulinex-ad5612-8w-roja-y-blanca","ACTIVE","AD560120","Picadora - Moulinex AD560120, 800W, Roja y Blanca"
"gid://shopify/Product/15427448111436","frigorifico-dos-puertas-aspes-af145500f-blanco-143-metros-ciclico","ACTIVE","AF145500F","Frigorífico Dos Puertas - Aspes AF145500F , Blanco, 1,43 metros,  Cíclico"
"gid://shopify/Product/15427448504652","campana-grupo-filtrante-aspes-agf5200cb-52cm-blanco","ACTIVE","AGF5200CB","Campana Grupo Filtrante - ASPES AGF5200CB, 52cm, Blanco"
"gid://shopify/Product/15427451388236","lavavajillas-libre-instalacion-aspes-alv137x-15-servicios-42-db-60-cm-3bandeja-inox-oscuro","ACTIVE","ALV137X","Lavavajillas Libre Instalación - Aspes ALV137X, 15 servicios, 42 dB, 60 cm, 3ªBandeja, Inox Oscuro"
"gid://shopify/Product/15427452174668","tocadiscos-aiwa-apx-680bt-blanco-hifi","ACTIVE","APX-680BTWH","Tocadiscos - Aiwa APX-680BT, Blanco, HIFI"
"gid://shopify/Product/15427452207436","tocadiscos-aiwa-apx-790bt-blanco","ACTIVE","APX-790BT/WH","Tocadiscos - Aiwa APX-790BT Blanco"
"gid://shopify/Product/15427452338508","camara-de-ninos-agfaphoto-realikids-cam-rosa-waterproof","ACTIVE","ARKCWPK","Cámara de Niños - AGFAPHOTO Realikids Cam, Rosa, Waterproof"
"gid://shopify/Product/15427455484236","auriculares-con-cable-ksix-bau01n-12-m-usb-c-negro","ACTIVE","BAU01N","Auriculares con Cable - KSIX BAU01N, 1,2 m, USB-C, Negro"
"gid://shopify/Product/15427455779148","horno-multifuncion-beko-bbie12300xmp-60-cm-pirolisis-inox","ACTIVE","BBIE12300XMP","Horno Multifunción - Beko BBIE12300XMP, 60 cm, Pirólisis, Inox"
"gid://shopify/Product/15427456106828","radiocassette-aiwa-bbtc-550mg-gris-mp3-cd","ACTIVE","BBTC-550MG","RadioCassette - AIWA BBTC-550MG, Gris, MP3, CD"
"gid://shopify/Product/15427456139596","radio-cassette-aiwa-bbtc-550rd-rojo","ACTIVE","BBTC-550RD","Radio Cassette AIWA BBTC-550RD, Rojo"
"gid://shopify/Product/15427456172364","cargador-mini-red-ksix-blanco-usb-c-20w-carga-rapida","ACTIVE","BCD20GAN01B","Cargador Red - KSIX Blanco, USB-C, 20W"
"gid://shopify/Product/15427456205132","cargador-red-ksix-bcd20ganacb-blanco-usb-c","ACTIVE","BCD20GANACB","Cargador Red - KSIX  BCD20GANACB, Blanco, USB-C"
"gid://shopify/Product/15427457352012","auricular-interno-xiaomi-mi-basic-blanco-bluetooth","ACTIVE","BHR4089GL","Auricular Interno - XIAOMI Mi Basic Blanco, Bluetooth"
"gid://shopify/Product/15427457384780","camara-de-vigilancia-xiaomi-outdoor-camera-aw200-ip65-full-hd","ACTIVE","BHR6398GL","Cámara de Vigilancia - XIAOMI Outdoor Camera AW200, IP65, Full HD"
"gid://shopify/Product/15427457450316","smartwatch-xiaomi-redmi-watch-3-active-gris-47-mm","ACTIVE","BHR7272GL","Smartwatch - XIAOMI REDMI Watch 3 Active, Gris, 47 mm"
"gid://shopify/Product/15427457483084","auriculares-internos-xiaomi-redmi-buds-pro-aurora-ip54-morado","ACTIVE","BHR7799GL","Auriculares Internos - XIAOMI Redmi Buds Pro Aurora, IP54, Morado"
"gid://shopify/Product/15427457548620","pulsera-actividad-xiaomi-smart-band-8-pro-negro-174","ACTIVE","BHR8017GL","Pulsera Actividad - XIAOMI Smart Band 8 Pro, Negro, 1,74"""
"gid://shopify/Product/15427457581388","pulsera-de-actividad-xiaomi-smart-band-9-mystic-ro","ACTIVE","BHR8345GL","Pulsera de Actividad - XIAOMI Smart Band 9 Mystic Ro"
"gid://shopify/Product/15427457712460","auriculares-internos-xiaomi-redmi-buds-6-active-negro-bluetooth","ACTIVE","BHR8396GL","Auriculares Internos - XIAOMI Redmi Buds 6 Active, Negro, Bluetooth"
"gid://shopify/Product/15427457745228","auriculares-internos-xiaomi-redmi-buds-6-lite-blancos-bluetooth","ACTIVE","BHR8655GL","Auriculares Internos - XIAOMI REDMI BUDS 6 LITE Blancos, Bluetooth"
"gid://shopify/Product/15427457810764","auriculares-inalambricos-xiaomi-redmii-buds-6-lite-azul-usb-c-bateria-480-mah","ACTIVE","BHR8660GL","Auriculares Inalámbricos - XIAOMI RedmiI Buds 6 Lite, Azul, USB-C, Batería 480 mAh"
"gid://shopify/Product/15427457843532","pulsera-de-actividad-xiaomi-smartband-9-pro-obsidian-negro","ACTIVE","BHR8710GL","Pulsera de Actividad - XIAOMI Smartband 9 Pro Obsidian, Negro"
"gid://shopify/Product/15427457941836","auriculares-inalambricos-xiaomi-redmi-buds-6-play-negro","ACTIVE","BHR8776GL","Auriculares Inalámbricos - XIAOMI Redmi Buds 6 Play, Negro"
"gid://shopify/Product/15427458105676","bateria-portatil-xiaomi-18w-30000-mah-negro","ACTIVE","BHR9126GL","Batería Portátil - XIAOMI, 18W, 30000 mAh, Negro"
"gid://shopify/Product/15427458236748","auriculares-inalambricos-xiaomi-redmi-buds-6-pro-space-negro-usb-c-hasta-36h","ACTIVE","BHR9307GL","Auriculares Inalámbricos - XIAOMI REDMI Buds 6 Pro Space, Negro, USB-C, hasta 36h"
"gid://shopify/Product/15427458269516","auriculares-inalambricos-xiaomi-redmi-buds-6-pro-blanco-cancelacion-ruido","ACTIVE","BHR9310GL","Auriculares Inalámbricos - XIAOMI REDMI BUDS 6 Pro, Blanco, Cancelación Ruido"
"gid://shopify/Product/15427459645772","estufa-cuarzo-orbegozo-bp26","ACTIVE","BP0206","Estufa Cuarzo - Orbegozo BP0206"
"gid://shopify/Product/15427459711308","bateria-portatil-ksix-bpb10000mag01n-negro-10000-mah-usb-c-20w","ACTIVE","BPB10000MAG01N","Batería Portátil -KSIX BPB10000MAG01N, Negro, 10.000 mAh, USB-C, 20W"
"gid://shopify/Product/15427459842380","powerbank-smartphone-ksix-bpb4800s01n-4800-mah-negro-usb-c","ACTIVE","BPB4800S01N","Powerbank Smartphone - KSIX BPB4800S01N, 4.800 mAh, Negro, USB-C"
"gid://shopify/Product/15427459875148","powerbank-ksix-bpb5000mag01gr-5000-mah-inalambrico-negro","ACTIVE","BPB5000MAG01GR","PowerBank - KSIX BPB5000MAG01GR, 5000 mAh, Inalámbrico, Negro"
"gid://shopify/Product/15427460399436","horno-multifuncion-hisense-bsa66346adbgwifi-60-cm-funcion-vapor-negro","ACTIVE","BSA66346ADBGWIFI","Horno Multifunción - Hisense BSA66346ADBGWIFI, 60 cm, Función Vapor, Negro"
"gid://shopify/Product/15427460563276","altavoz-portatil-aiwa-bst-250-negro-usb-c-20-w-2000-mah","ACTIVE","BST-250","Altavoz Portátil - AIWA BST-250, Negro, USB-C, 20 W, 2000 mAh"
"gid://shopify/Product/15427460596044","altavoz-portatil-aiwa-bst-330bl-negro-azul-bluetooth-1500-mah","ACTIVE","BST-330BL","Altavoz Portátil - AIWA BST-330BL, Negro, Azul, Bluetooth, 1500 mAh"
"gid://shopify/Product/15427461022028","transmisor-receptor-fonestar-bt-converter-negro-bluetooth-280-mah","ACTIVE","BT-CONVERTER","Transmisor Receptor - FONESTAR BT-Converter, Negro, Bluetooth, 280 mAh"
"gid://shopify/Product/15427461054796","transmisor-receptor-fonestar-bt-converter-350-mah-bluetooth-usb","ACTIVE","BT-CONVERTER-MULTI","Transmisor Receptor - FONESTAR BT-Converter, 350 mAh, Bluetooth, USB"
"gid://shopify/Product/15427461382476","powerbank-ksix-bxba10000sm02-negro-10000-mah","ACTIVE","BXBA10000SM02","Powerbank - KSIX BXBA10000SM02, Negro, 10.000 mAh"
"gid://shopify/Product/15427461448012","cargador-red-electrica-ksix-bxcrc20pd-negro-usb-a-20w","ACTIVE","BXCRC20PD","Cargador Red Eléctrica - KSIX BXCRC20PD, Negro, USB-A, 20W"
"gid://shopify/Product/15427461513548","cable-ksix-bxhdmi60n-usb-c-negro-hdmi","ACTIVE","BXHDMI60N","Cable - KSIX BXHDMI60N, USB- C, Negro, HDMI"
"gid://shopify/Product/15427461611852","smartwatch-ksix-titanium-black-amoled-negro-143","ACTIVE","BXSW21N","Smartwatch - KSIX Titanium Black, AMOLED, Negro, 1,43"""
"gid://shopify/Product/15427461677388","smartwatch-ksix-core-2-rosa-amoled-143-bluetooth","ACTIVE","BXSW24R","Smartwatch - KSIX Core 2, Rosa, AMOLED, 1.43"", Bluetooth"
"gid://shopify/Product/15427461710156","smartwatch-ksix-explorer-negro-gps-amoled-143","ACTIVE","BXSW26N","Smartwatch - KSIX Explorer, Negro,  GPS, AMOLED 1,43"""
"gid://shopify/Product/15427461775692","smartwatch-ksix-venture-negro-xxl-185-55-mm","ACTIVE","BXSW27N","Smartwatch - KSIX Venture, Negro, XXL, 1.85"", 55 mm"
"gid://shopify/Product/15427461873996","smartwatch-ksix-iria-negro-17-2-correas-metal-ip68-amoled","ACTIVE","BXSW30N","Smartwatch - KSIX IRIA, Negro, 1.7"", 2 Correas Metal, IP68, AMOLED"
"gid://shopify/Product/15427461906764","smartwatch-ksix-iria-rosa-17-2-correas-metal-ip67-bluetooth","ACTIVE","BXSW30R","Smartwatch - KSIX IRIA, Rosa, 1.7"", 2 Correas Metal, IP67, Bluetooth"
"gid://shopify/Product/15427462070604","reproductor-cd-onkyo-c7030m3-negro-mp3","ACTIVE","C7030M3BMMP","Reproductor CD - ONKYO C7030M3, Negro, MP3"
"gid://shopify/Product/15427463151948","lavadora-libre-instalacion-aeg-lfr7314l4v-blanco-10-kg-1400-rpm-eficiencia-a","ACTIVE","8914505105","Lavadora Libre Instalación - AEG LFR7314L4V, Blanco, 10 kg, 1400 rpm, Eficiencia A"
"gid://shopify/Product/15427463315788","lavadora-libre-instalacion-aeg-lfsr7304l4bp-blanco-11-kg-1400-rpm-eficiencia-a","ACTIVE","8914505221","Lavadora Libre Instalación - AEG LFSR7304L4BP, Blanco, 11 kg, 1400 rpm, Eficiencia A"
"gid://shopify/Product/15427463414092","lavadora-libre-instalacion-aeg-lfa5i82re-blanco-8-kg-1200-rpm-eficiencia-a","ACTIVE","8914912582","Lavadora Libre Instalación - AEG LFA5I82RE, Blanco, 8 kg, 1200 rpm, Eficiencia A"
"gid://shopify/Product/15427463512396","lavadora-carga-frontal-aeg-lfr7394o4v-blanco-9-kg-1400-rpm-eficiencia-a","ACTIVE","8914921934","Lavadora Carga Frontal - AEG LFR7394O4V, Blanco, 9 kg, 1400 rpm, Eficiencia A"
"gid://shopify/Product/15427463577932","placa-flexinduccion-aeg-tn63ia00fb-3-zonas-60-cm-negra","ACTIVE","8949493016","Placa Flexinducción - AEG TN63IA00FB, 3 Zonas, 60 cm, Negra"
"gid://shopify/Product/15427463709004","estimulador-satisfyer-pro-3","ACTIVE","9016532","Estimulador - Satisfyer PRO 3+"
"gid://shopify/Product/15427465052492","secadora-con-bomba-calor-electrolux-edi618y5bo-blanco-carga-8-kg-eficiencia-a","ACTIVE","916099892","Secadora con Bomba Calor - ELECTROLUX EDI618Y5BO, Blanco, Carga 8 Kg, Eficiencia A++"
"gid://shopify/Product/15427468984652","campana-decorativa-aeg-gb67d61hl-60-cm-inox-negro-730-m3h-hob2-hood","ACTIVE","942022787","Campana Decorativa - AEG GB67D61HL, 60 cm, Inox Negro, 730 m3/h, Hob2 Hood"
"gid://shopify/Product/15427469476172","bateria-portatil-xiaomi-power-bank-33w-20000-mah-bronce","ACTIVE","6941812792155","Batería Portátil - XIAOMI Power Bank, 33W, 20000 mAh, Bronce"
"gid://shopify/Product/15427470164300","auriculares-inalambricos-sennheiser-accentum-wireless-blancos-50-h-de-autonomia","ACTIVE","700175","Auriculares Inalámbricos- SENNHEISER Accentum Wireless, Blancos, 50 h de autonomía"
"gid://shopify/Product/15427470786892","horno-multifuncion-cata-mes-8007-x-60-cm-inox","ACTIVE","7044609","Horno Multifunción - Cata MES 8007 X, 60 cm, Inox"
"gid://shopify/Product/15427471147340","licuadora-ufesa-lc55-activa","ACTIVE","71104430","Licuadora - Ufesa LC5050 Activa"
"gid://shopify/Product/15427471212876","exprimidor-ufesa-ex496-fresh","ACTIVE","71204619","Exprimidor - Ufesa EX4960 Fresh"
"gid://shopify/Product/15427471278412","exprimidor-ufesa-ex4936-activa-25w-rojo-y-blanco","ACTIVE","71204620","Exprimidor - Ufesa EX4936 Activa, 25W, Rojo y Blanco"
"gid://shopify/Product/15427471409484","exprimidor-ufesa-ex4942-activa","ACTIVE","71204652","Exprimidor - Ufesa EX4942 Activa"
"gid://shopify/Product/15427471606092","sandwichera-ufesa-sw785-activa","ACTIVE","71404439","Sandwichera - Ufesa SW7850 Activa"
"gid://shopify/Product/15427473506636","tv-miniled-tcl-75c7k-75-4k-uhd-googletv-bang-olufsen","ACTIVE","75C7K","TV MiniLED - TCL 75C7K, 75"", 4K UHD, GoogleTV, Bang & Olufsen"
"gid://shopify/Product/15427475702092","calefactor-ariete-80805-vintage-azul","ACTIVE","80805","Calefactor Ariete - 808/05, Vintage Azul"
"gid://shopify/Product/15427476029772","soporte-barra-de-sonido-vogels-sound-3550","ACTIVE","8153550","Soporte Barra de sonido - VOGEL'S Sound 3550"
"gid://shopify/Product/15427476586828","soporte-tv-vogels-3350-negro-giratorio-tv-40-a-77-articulado","ACTIVE","8354130","Soporte TV - VOGEL'S, 3350, Negro, Giratorio, TV 40"" a 77"", Artículado"
"gid://shopify/Product/15427480617292","campana-decorativa-bosch-dwb77cm5-acero-inoxidable-t-invertida","ACTIVE","2DWB77CM50","Campana Decorativa - Bosch DWB77CM50, Acero Inoxidable, T-Invertida"
"gid://shopify/Product/15427480748364","campana-decorativa-bosch-dwb97cm5-acero-inoxidable-t-invertida","ACTIVE","2DWB97CM50","Campana Decorativa - Bosch DWB97CM50, Acero Inoxidable, T-Invertida"
"gid://shopify/Product/15427480944972","puertas-combi-bosch-ksz1bvg1-antracita","ACTIVE","2KSZ1BVG10","Puertas Combi - Bosch KSZ1BVG10 Antracita"
"gid://shopify/Product/15427481764172","campana-decorativa-mepamsa-gavia-60cm-64-db-blanco","ACTIVE","3200710374","Campana Decorativa - Mepamsa Gavia, 60cm, 64 dB, Blanco"
"gid://shopify/Product/15427482222924","tv-led-hisense-32a4n-32-hd-ready-smart-tv","ACTIVE","32A4N","TV LED - HISENSE 32A4N, 32"", HD Ready, Smart TV"
"gid://shopify/Product/15427482911052","combi-libre-instalacion-haier-hdpw5620anpd-darkinox-205-metros-no-frost","ACTIVE","34005469","Combi Libre Instalación - Haier HDPW5620ANPD, DarkInox, 2,05 metros,  No-Frost"
"gid://shopify/Product/15427483730252","campana-integrable-balay-3bd997gn-90-cm-63-db-cristal-negro","ACTIVE","3BD997GN","Campana Integrable -  Balay 3BD997GN, 90 cm, 63 dB, Cristal Negro"
"gid://shopify/Product/15427489104204","robot-reposteria-ariete-15885-vintage-azul","ACTIVE","158805","Robot Repostería - ARIETE 1588/05 Vintage Azul"
"gid://shopify/Product/15427489530188","cafetera-express-cecotec-espresso-20-tradizionale-light-blue-20-bares","ACTIVE","1628","Cafetera Express -  Cecotec Espresso 20 Tradizionale Light Blue, 20 Bares"
"gid://shopify/Product/15427489595724","olla-vitrex-campo-2cm-45-litros-rojo","ACTIVE","1633020","Olla - Vitrex Campo, 20cm, 4,5 litros, Rojo"
"gid://shopify/Product/15427489923404","tetera-vitrex-campo-2-litros-verde","ACTIVE","1647020","Tetera - Vitrex Campo, 2 litros, Verde"
"gid://shopify/Product/15427490054476","camara-instantanea-fujifilm-instax-square-sq1-blanco-tiza","ACTIVE","16672166","Cámara Instantánea - FUJIFILM INSTAX Square SQ1™, Blanco Tiza"
"gid://shopify/Product/15427490349388","camara-instantanea-fujifilm-instax-mini-evo-marron","ACTIVE","16812508","Cámara Instantánea - Fujifilm Instax Mini Evo, Marrón"
"gid://shopify/Product/15427490414924","camara-digital-fujifilm-instax-pal-rosa","ACTIVE","16812558","Cámara Digital - Fujifilm Instax Pal, Rosa"
"gid://shopify/Product/15427490971980","auriculares-diadema-jbl-tune-500-con-cablos-blancos","ACTIVE","1763379","Auriculares Diadema - JBL TUNE 500, con Cablos, Blancos"
"gid://shopify/Product/15427492184396","movil-nokia-2660-flip-4g-rosa-28-128-gb","ACTIVE","1GF011NPC1A04","Móvil - NOKIA 2660 Flip, 4G, Rosa, 2.8"", 128 GB"
"gid://shopify/Product/15427492413772","aspirador-con-cable-rowenta-ro2933ea-sin-bolsa12l-750w","ACTIVE","1RO2933EA","Aspirador con Cable - ROWENTA RO2933EA, Sin Bolsa,1,2L, 750W"
"gid://shopify/Product/15427493265740","campana-telescopica-cata-tfh-6830-gwh-60cm-64-db-cristal-blanco","ACTIVE","2010101","Campana Telescópica -  Cata TFH 6830 GWH , 60cm, 64 dB, Cristal Blanco"
"gid://shopify/Product/15427493298508","cortapelos-wahl-20102-0460-home-pro-3000-hair-clip-230-w-accesorios","ACTIVE","20102-0460","Cortapelos - WAHL 20102-0460 Home Pro 3000 Hair Clip, 230 W, Accesorios"
"gid://shopify/Product/15427496083788","campana-esquina-cata-gala-900-l-90cm-67-db-izquierda-inox","ACTIVE","2169304","Campana Esquina - Cata Gala 900 L, 90cm, 67 dB, Izquierda, Inox"
"gid://shopify/Product/15427497427276","cocotte-baja-berghoff-37l-28cm-hierro-fundido","ACTIVE","2307354","Cocotte Baja - Berghoff 3,7L 28cm Hierro Fundido"
"gid://shopify/Product/15427498213708","auriculares-inalambricos-motorola-earbuds-hk126-bluetooth-50-negro","ACTIVE","253HK126","Auriculares Inalámbricos - MOTOROLA Earbuds HK126, Bluetooth 5.0, Negro"
"gid://shopify/Product/15427498246476","auriculares-inalambricos-motorola-sp106-sport-negro-bluetooth","ACTIVE","253SP106","Auriculares Inalámbricos - MOTOROLA SP106 Sport, Negro, Bluetooth"
"gid://shopify/Product/15427499524428","lavadora-libre-instalacion-balay-3ts997bp-blanco-9-kg-1200-rpm-eficiencia-a","ACTIVE","3TS997BP","Lavadora Libre Instalación - Balay 3TS997BP, Blanco, 9 kg, 1200 rpm, Eficiencia A"
"gid://shopify/Product/15427500474700","estimulador-satisfyer-curvy-2-rosa","ACTIVE","4001852","Estimulador - Satisfyer Curvy 2+ Rosa"
"gid://shopify/Product/15427500704076","tv-qled-hisense-40a5q-40-full-hd-hdr10","ACTIVE","40A5Q","TV QLED - HISENSE 40A5Q, 40"", Full HD, HDR10"
"gid://shopify/Product/15427501031756","secador-de-pelo-cecotec-bamba-ionicare-6000-rockstar-essence","ACTIVE","4234","Secador de Pelo  - Cecotec  Bamba IoniCare 6000 RockStar Essence"
"gid://shopify/Product/15427503259980","auriculares-inalambricos-sennheiser-cx-blanco-autonomia-de-hasta-27-horas","ACTIVE","508974","Auriculares Inalámbricos - SENNHEISER, CX,  Blanco, Autonomía de hasta 27 horas"
"gid://shopify/Product/15427503915340","auriculares-inalambricos-jbl-tune-525bt-azul","ACTIVE","525BT","Auriculares Inalámbricos - JBL TUNE 525BT, Azul"
"gid://shopify/Product/15427504734540","tv-miniled-lg-55qned866re-55-pulgadas-uhd-4k-procesador-inteligente-7-4k-gen6-dolby-atmos-negro","ACTIVE","55QNED866RE","TV MiniLed - LG 55QNED866RE, 55 pulgadas, UHD 4K, Procesador Inteligente α7 4K Gen6, Dolby Atmos, Negro"
"gid://shopify/Product/15427504898380","tv-uled-hisense-55u6nq-55-4k-uhd-smart-tv-hdr","ACTIVE","55U6NQ","TV ULED - HISENSE 55U6NQ, 55"", 4K UHD, Smart TV, HDR"
"gid://shopify/Product/15427507421516","calefactor-horizontal-orbegozo-fh53-blanco","ACTIVE","5FH5030","Calefactor Horizontal - Orbegozo FH5030 Blanco"
"gid://shopify/Product/15427507716428","calefactor-ceramico-orbegozo-fhr24-profesional","ACTIVE","5FHR2040","Calefactor Cerámico - Orbegozo FHR2040 Profesional"
"gid://shopify/Product/15427507978572","estufa-gas-orbegozo-hbf95-llama-azul","ACTIVE","5HBF95","Estufa Gas - Orbegozo HBF95 Llama Azul"
"gid://shopify/Product/15427508175180","olla-programable-orbegozo-hpe675","ACTIVE","5HPE6075","Olla Programable - Orbegozo HPE6075"
"gid://shopify/Product/15427519250764","bascula-cocina-orbegozo-pc55-inox","ACTIVE","5PC5500","Báscula Cocina - Orbegozo PC5500 Inox"
"gid://shopify/Product/15427521315148","termo-orbegozo-trm54-5-litros-vertical","ACTIVE","5TRM54","Termo - Orbegozo TRM54, 50 Litros, Vertical"
"gid://shopify/Product/15427521806668","secador-de-pelo-ufesa-x-treme-boost","ACTIVE","60305373","Secador de Pelo  - Ufesa X-Treme Boost"
"gid://shopify/Product/15427534258508","tv-miniled-tcl-65c7k-premium-65-4k-uhd-google-tv-bang-olufsen","ACTIVE","65C7K","TV MiniLED - TCL 65C7K Premium, 65"", 4K UHD, Google TV, Bang & Olufsen"
"gid://shopify/Product/15427548709196","tv-miniled-lg-65qned87a6b-65-4k-evo-ia-gen2-a8","ACTIVE","65QNED87A6B","TV MiniLED - LG 65QNED87A6B, 65"", 4K, EVO, IA, Gen2 a8"
"gid://shopify/Product/15427551166796","tv-miniled-lg-65qned93a6a-4k-evo-ia-gen2-a8","ACTIVE","65QNED93A6A","TV MiniLED - LG 65QNED93A6A, 4K, EVO IA, Gen2 a8"
"gid://shopify/Product/15427551658316","monitor-pc-lenovo-d27-40-27-75-hz-full-hd","ACTIVE","67A3KAC6EU","Monitor PC - Lenovo D27-40, 27"", 75 Hz, Full HD"
"gid://shopify/Product/15427551887692","auriculares-inalambricos-jbl-tune-125bt-blancos-120-mah-usb-c","ACTIVE","6925281979668","Auriculares Inalámbricos - JBL TUNE 125BT, Blancos, 120 mAh, USB-C"
"gid://shopify/Product/15427551953228","radio-despertador-portatil-sangean-dt-800-bateria","ACTIVE","001300","Radio Despertador Portátil - Sangean DT-800, Batería"
"gid://shopify/Product/15427551985996","soporte-tv-hama-00220809-fijo-de-32-a-65","ACTIVE","00220809","Soporte TV - HAMA 00220809, Fijo, de 32"" a 65"""
"gid://shopify/Product/15427552018764","soporte-de-pared-tv-hama-00220824-de-32-a-65-giro-180","ACTIVE","00220824","Soporte de Pared TV - HAMA 00220824, de 32"" a 65"", Giro 180º"
"gid://shopify/Product/15427552117068","smartwatch-garmin-2-black-grey-42mm","ACTIVE","010-02247-10","Smartwatch - Garmin 2 Black Grey, 42mm"
"gid://shopify/Product/15427552641356","smartwatch-garmin-forerunner-255-slate-gray","ACTIVE","010-02641-10","Smartwatch - Garmin  Forerunner 255, Slate Gray"
"gid://shopify/Product/15427552674124","smartwatch-garmin-forerunner-255-dark-blue","ACTIVE","010-02641-11","Smartwatch - Garmin  Forerunner 255, Dark Blue"
"gid://shopify/Product/15427553100108","sensor-actividad-garmin-running-dynamics-pod-resistente-al-agua","ACTIVE","010-12520-00","Sensor Actividad - GARMIN Running Dynamics Pod, Resistente al Agua"
"gid://shopify/Product/15427553132876","tocadiscos-lauson-01tt17-rojo-bluetooth","ACTIVE","01TT17","Tocadiscos - LAUSON 01TT17, Rojo, Bluetooth"
"gid://shopify/Product/15427553231180","videoconsola-nintendo-switch-oled-color-blanco-nvidia-custom-tegra","ACTIVE","10007454","Videoconsola - NINTENDO Switch OLED, Color Blanco, NVIDIA Custom Tegra"
"gid://shopify/Product/15427553526092","smartwatch-garmin-2s-rosegold-white-40mm","ACTIVE","100242913","Smartwatch - Garmin  2S Rosegold White, 40mm"
"gid://shopify/Product/15427553624396","smartwatch-garmin-7-pro-solar-edition-black-47mm","ACTIVE","100277701","Smartwatch - Garmin 7 Pro Solar Edition, Black, 47mm"
"gid://shopify/Product/15427553722700","smartwatch-garmin-epix-pro-gen-2-standard-white-42-mm","ACTIVE","100280201","Smartwatch  - Garmin Epix Pro (Gen 2) Standard, White, 42 mm"
"gid://shopify/Product/15427554181452","monitor-frecuencia-cardiaca-garmin-hrm-pro-plus","ACTIVE","101311800","Monitor frecuencia cardíaca - Garmin Hrm-Pro Plus"
"gid://shopify/Product/15427554378060","telefonos-inalambricos-motorola-s1203-maxicolor-trio","ACTIVE","1071203MIXCOLOR","Teléfonos Inalámbricos - MOTOROLA S1203 MaxiColor, Trio,"
"gid://shopify/Product/15427554410828","telefono-inalambrico-motorola-c1001cb-blanco","ACTIVE","107C1001CBW","Teléfono Inalámbrico - MOTOROLA C1001CB+, Blanco"
"gid://shopify/Product/15427554541900","telefono-inalambrico-motorola-e203-negro-50-contactos","ACTIVE","107E203","Teléfono Inalámbrico - MOTOROLA E203, Negro, 50 contactos"
"gid://shopify/Product/15427555000652","molinillo-de-cafe-nevir-nvr116cg","ACTIVE","10NVR1106CG","Molinillo de Café - Nevir NVR1106CG"
"gid://shopify/Product/15427560472908","frontal-cajon-teka-kit-vscp-blanco","ACTIVE","111890003","Frontal Cajón - Teka Kit VS/CP, Blanco"
"gid://shopify/Product/15427560505676","frontal-cajon-teka-kit-vscp-gris-piedra","ACTIVE","111890004","Frontal Cajón - Teka Kit VS/CP, Gris Piedra"
"gid://shopify/Product/15427561685324","microondas-teka-mwe-fs20-g-inox-20l","ACTIVE","112270004","Microondas - TEKA MWE FS20 G, Inox, 20L"
"gid://shopify/Product/15427561783628","placa-induccion-teka-izc-63632-wh-mst-blanco-3-zonas","ACTIVE","112500016","Placa Inducción - Teka IZC 63632 WH MST, Blanco, 3 zonas"
"gid://shopify/Product/15427566633292","campana-decorativa-teka-dsh-686-60cm-68-db-735-m3h-inox","ACTIVE","112970004","Campana Decorativa - Teka DSH 686, 60cm, 68 dB, 735 m3/h, Inox"
"gid://shopify/Product/15427568304460","conservador-libre-instalacion-teka-rsl-10130-ciclico-0845-metros-blanco","ACTIVE","113320004","Conservador Libre Instalación -Teka RSL 10130, Cíclico, 0,845 metros, Blanco"
"gid://shopify/Product/15427570073932","frigorifico-dos-puertas-teka-rtf-2510-blanco-143-m","ACTIVE","113550001","Frigorífico Dos Puertas - TEKA RTF 2510, Blanco, 1.43 m"
"gid://shopify/Product/15427578495308","cargador-red-electrica-motorola-turbopower-33-33w-usb-c","ACTIVE","119MOTO33W","Cargador Red Eléctrica - MOTOROLA Turbopower 33, 33W, USB-C"
"gid://shopify/Product/15427578593612","exprimidor-electrico-braun-cj3050-blanco-60w","ACTIVE","11CJ3050","Exprimidor Eléctrico - BRAUN CJ3050, Blanco, 60W"
"gid://shopify/Product/15427579085132","altavoz-portatil-jbl-go4-purple-ip67-bateria-850-mah","ACTIVE","1200130009471","Altavoz Portátil - JBL GO4 Purple, IP67, Batería 850 mAh"
"gid://shopify/Product/15427579117900","altavoz-portatil-jbl-go-4-rosa-ip67-bateria-850-mah","ACTIVE","1200130011443","Altavoz Portátil - JBL GO 4, Rosa, IP67, Batería 850 mAh"
"gid://shopify/Product/15427579150668","auriculares-inalambricos-jbl-tune-flex-2-black-ip54-bateria-545-mah","ACTIVE","1200130016233","Auriculares Inalámbricos - JBL TUNE FLEX 2 Black, IP54, Batería 545 mAh"
"gid://shopify/Product/15427579248972","auriculares-inalambricos-jbl-tune-flex-2-blanco-bateria-545-mah-ip54","ACTIVE","1200130016240","Auriculares Inalámbricos - JBL TUNE FLEX 2, Blanco, Batería 545 mAh, IP54"
"gid://shopify/Product/15427579543884","auriculares-inalambricos-jbl-tune-beam-2-negro-bateria-590-mah-ip54","ACTIVE","1200130016479","Auriculares Inalámbricos - JBL TUNE Beam 2, Negro, Batería 590 mAh, IP54"
"gid://shopify/Product/15427579609420","auriculares-inalambricos-jbl-tune-beam-2-white","ACTIVE","1200130016486","Auriculares Inalámbricos - JBL TUNE BEAM 2 White"
"gid://shopify/Product/15427580363084","campana-decorativa-cata-beta-9-inox","ACTIVE","1202051303","Campana Decorativa - Cata BETA 900, Inox"
"gid://shopify/Product/15427580559692","campana-decorativa-cata-v-9-inox","ACTIVE","1202063600","Campana Decorativa - Cata V 900, Inox"
"gid://shopify/Product/15427581509964","campana-decorativa-cata-beta-12-inox","ACTIVE","1202157309","Campana Decorativa - Cata BETA 1200, Inox"
"gid://shopify/Product/15427591405900","campana-decorativa-balay-3bc696mx-eficiencia-a-acero-inoxidable-piramidal","ACTIVE","13BC696MX","Campana Decorativa - Balay 3BC696MX, Eficiencia A, Acero Inoxidable, Piramidal"
"gid://shopify/Product/15427591635276","campana-decorativa-balay-3bc998hnc-negro-t-invertida","ACTIVE","13BC998HNC","Campana Decorativa - Balay 3BC998HNC, Negro, T-Invertida"
"gid://shopify/Product/15427591668044","campana-decorativa-balay-3bc998hx-acero-inoxidable-t-invertida","ACTIVE","13BC998HX","Campana Decorativa - Balay 3BC998HX, Acero Inoxidable, T-Invertida"
"gid://shopify/Product/15427594682700","tocadiscos-sunstech-pxr32wd-madera","ACTIVE","13PXR32WD","Tocadiscos - Sunstech PXR32WD, Madera"
"gid://shopify/Product/15428398448972","altavoz-portatil-sunstech-spbt61-bluetooth-negro","ACTIVE","13SPBT610BK","Altavoz Portátil - Sunstech SPBT610, Bluetooth, Negro"
"gid://shopify/Product/15430147146060","cargador-red-ksix-blanco-usb-c-20w","ACTIVE","BXCDC20PD","Cargador Red - KSIX Blanco, USB-C, 20W"
